player_key,display_name
ajlawson,A.J. Lawson
ajgreen,AJ Green
ajgriffin,AJ Griffin
ajhammons,AJ Hammons
ajjohnson,AJ Johnson
ajprice,AJ Price
aaronbrooks,Aaron Brooks
aarongordon,Aaron Gordon
aarongray,Aaron Gray
aaronharrison,Aaron Harrison
aaronhenry,Aaron Henry
aaronholiday,Aaron Holiday
aaronjackson,Aaron Jackson
aaronnesmith,Aaron Nesmith
aaronwiggins,Aaron Wiggins
abdelnader,Abdel Nader
acebailey,Ace Bailey
adamflagler,Adam Flagler
adammokoka,Adam Mokoka
adamasanogo,Adama Sanogo
ademurkey,Ade Murkey
adembona,Adem Bona
admiralschofield,Admiral Schofield
adonisthomas,Adonis Thomas
adouthiero,Adou Thiero
adreianpayne,Adreian Payne
ahmadcaver,Ahmad Caver
ajaymitchell,Ajay Mitchell
alharrington,Al Harrington
alhorford,Al Horford
aljefferson,Al Jefferson
alfarouqaminu,Al-Farouq Aminu
alananderson,Alan Anderson
alanwilliams,Alan Williams
alecburks,Alec Burks
alecpeters,Alec Peters
aleemford,Aleem Ford
aleksejpokusevski,Aleksej Pokusevski
alensmailagic,Alen Smailagic
alexabrines,Alex Abrines
alexcaruso,Alex Caruso
alexducas,Alex Ducas
alexfudge,Alex Fudge
alexkirk,Alex Kirk
alexlen,Alex Len
alexpoythress,Alex Poythress
alexreese,Alex Reese
alexsarr,Alex Sarr
alexstepheson,Alex Stepheson
alexeyshved,Alexey Shved
alexisajinca,Alexis Ajinca
alfonzomckinnie,Alfonzo McKinnie
alijahmartin,Alijah Martin
alizejohnson,Alize Johnson
allencrabbe,Allen Crabbe
allonzotrier,Allonzo Trier
alondeswilliams,Alondes Williams
alonzogee,Alonzo Gee
alperensengun,Alperen Sengun
amarestoudemire,Amar'e Stoudemire
amaribailey,Amari Bailey
amariwilliams,Amari Williams
amenthompson,Amen Thompson
amidabrimah,Amida Brimah
amilejefferson,Amile Jefferson
amircoffey,Amir Coffey
amirjohnson,Amir Johnson
andersonvarejao,Anderson Varejao
andrayblatche,Andray Blatche
andredawkins,Andre Dawkins
andredrummond,Andre Drummond
andreiguodala,Andre Iguodala
andreingram,Andre Ingram
andrejacksonjr,Andre Jackson Jr.
andremiller,Andre Miller
andreroberson,Andre Roberson
andreabargnani,Andrea Bargnani
andreikirilenko,Andrei Kirilenko
andrewbogut,Andrew Bogut
andrewbynum,Andrew Bynum
andrewfunk,Andrew Funk
andrewgoudelock,Andrew Goudelock
andrewharrison,Andrew Harrison
andrewnembhard,Andrew Nembhard
andrewnicholson,Andrew Nicholson
andrewwhiteiii,Andrew White III
andrewwiggins,Andrew Wiggins
andrisbiedrins,Andris Biedrins
anferneesimons,Anfernee Simons
angeldelgado,Angel Delgado
antawnjamison,Antawn Jamison
antezizic,Ante Zizic
anthonybennett,Anthony Bennett
anthonyblack,Anthony Black
anthonybrown,Anthony Brown
anthonydavis,Anthony Davis
anthonyedwards,Anthony Edwards
anthonygill,Anthony Gill
anthonylamb,Anthony Lamb
anthonymorrow,Anthony Morrow
anthonyrandolph,Anthony Randolph
anthonytolliver,Anthony Tolliver
antonwatson,Anton Watson
antonioblakeney,Antonio Blakeney
antonioreeves,Antonio Reeves
antoniuscleveland,Antonius Cleveland
anzejspasecniks,Anzejs Pasecniks
archiegoodwin,Archie Goodwin
arielhukporti,Ariel Hukporti
arinzeonuaku,Arinze Onuaku
armeltraore,Armel Traore
armonibrooks,Armoni Brooks
arnettmoultrie,Arnett Moultrie
arnoldaskulboka,Arnoldas Kulboka
aronbaynes,Aron Baynes
arronafflalo,Arron Afflalo
asanewell,Asa Newell
ashtonhagans,Ashton Hagans
ausarthompson,Ausar Thompson
austindaye,Austin Daye
austinreaves,Austin Reaves
austinrivers,Austin Rivers
averybradley,Avery Bradley
axeltoupane,Axel Toupane
ayodosunmu,Ayo Dosunmu
bjjohnson,BJ Johnson
bamadebayo,Bam Adebayo
baylorscheierman,Baylor Scheierman
benbentil,Ben Bentil
bengordon,Ben Gordon
benmclemore,Ben McLemore
benmoore,Ben Moore
bensaraf,Ben Saraf
bensheppard,Ben Sheppard
bensimmons,Ben Simmons
bennedictmathurin,Bennedict Mathurin
benoudrih,Beno Udrih
bernardjames,Bernard James
bilalcoulibaly,Bilal Coulibaly
billygarrett,Billy Garrett
bismackbiyombo,Bismack Biyombo
blakegriffin,Blake Griffin
blakewesley,Blake Wesley
bobanmarjanovic,Boban Marjanovic
bobbybrown,Bobby Brown
bobbyportis,Bobby Portis
bobiklintman,Bobi Klintman
bogdanbogdanovic,Bogdan Bogdanovic
bojanbogdanovic,Bojan Bogdanovic
bolbol,Bol Bol
boneshyland,Bones Hyland
bonziecolson,Bonzie Colson
borisdiaw,Boris Diaw
bradwanamaker,Brad Wanamaker
bradleybeal,Bradley Beal
brandanwright,Brandan Wright
brandencarlson,Branden Carlson
brandendawson,Branden Dawson
brandinpodziemski,Brandin Podziemski
brandonbass,Brandon Bass
brandonboston,Brandon Boston
brandonclarke,Brandon Clarke
brandondavies,Brandon Davies
brandongoodwin,Brandon Goodwin
brandoningram,Brandon Ingram
brandonjennings,Brandon Jennings
brandonknight,Brandon Knight
brandonmiller,Brandon Miller
brandonpaul,Brandon Paul
brandonrush,Brandon Rush
brandonsampson,Brandon Sampson
brandonwilliams,Brandon Williams
braxtonkey,Braxton Key
brendanhaywood,Brendan Haywood
brianbowenii,Brian Bowen II
brianroberts,Brian Roberts
brianteweber,Briante Weber
bricejohnson,Brice Johnson
bricesensabaugh,Brice Sensabaugh
brodricthomas,Brodric Thomas
bronnyjames,Bronny James
brooklopez,Brook Lopez
brooksbarnhizer,Brooks Barnhizer
brucebrown,Bruce Brown
brunocaboclo,Bruno Caboclo
brunofernando,Bruno Fernando
brycecotton,Bryce Cotton
brycedejeanjones,Bryce Dejean-Jones
brycemcgowens,Bryce McGowens
brynforbes,Bryn Forbes
bubcarrington,Bub Carrington
buddyboeheim,Buddy Boeheim
buddyhield,Buddy Hield
byronmullens,Byron Mullens
cjwatson,C.J. Watson
cjwilcox,C.J. Wilcox
cjwilliams,C.J. Williams
cjelleby,CJ Elleby
cjmccollum,CJ McCollum
cjmiles,CJ Miles
cadecunningham,Cade Cunningham
calebhoustan,Caleb Houstan
caleblove,Caleb Love
calebmartin,Caleb Martin
calebswanigan,Caleb Swanigan
camchristie,Cam Christie
camreddish,Cam Reddish
camreynolds,Cam Reynolds
camspencer,Cam Spencer
camthomas,Cam Thomas
camwhitmore,Cam Whitmore
cameronbairstow,Cameron Bairstow
cameronjohnson,Cameron Johnson
cameronmcgriff,Cameron McGriff
cameronoliver,Cameron Oliver
cameronpayne,Cameron Payne
carislevert,Caris LeVert
carllandry,Carl Landry
carlikjones,Carlik Jones
carlosboozer,Carlos Boozer
carmeloanthony,Carmelo Anthony
caronbutler,Caron Butler
carrickfelix,Carrick Felix
carsenedwards,Carsen Edwards
carterbryant,Carter Bryant
cartiermartin,Cartier Martin
casonwallace,Cason Wallace
casperware,Casper Ware
cassiusstanley,Cassius Stanley
cassiuswinston,Cassius Winston
catbarber,Cat Barber
cediosman,Cedi Osman
cedriccoward,Cedric Coward
chancecomanche,Chance Comanche
chandlerhutchison,Chandler Hutchison
chandlerparsons,Chandler Parsons
channingfrye,Channing Frye
charlesbassey,Charles Bassey
charlescooke,Charles Cooke
charliebrownjr,Charlie Brown Jr.
charlievillanueva,Charlie Villanueva
chasebudinger,Chase Budinger
chassonrandle,Chasson Randle
chaunceybillups,Chauncey Billups
chaundeebrownjr,Chaundee Brown Jr.
chazlanier,Chaz Lanier
cheickdiallo,Cheick Diallo
chetholmgren,Chet Holmgren
chimamoneke,Chima Moneke
chimeziemetu,Chimezie Metu
chinanuonuaku,Chinanu Onuaku
chrisandersen,Chris Andersen
chrisbabb,Chris Babb
chrisbosh,Chris Bosh
chrisboucher,Chris Boucher
chrischiozza,Chris Chiozza
chrisclemons,Chris Clemons
chriscopeland,Chris Copeland
chrisdouglasroberts,Chris Douglas-Roberts
chrisduarte,Chris Duarte
chrisjohnson,Chris Johnson
chriskaman,Chris Kaman
chrislivingston,Chris Livingston
chrismanon,Chris Manon
chrismccullough,Chris McCullough
chrispaul,Chris Paul
chrissilva,Chris Silva
chrissingleton,Chris Singleton
chrissmith,Chris Smith
chriswright,Chris Wright
chrisyoungblood,Chris Youngblood
christianbraun,Christian Braun
christiankoloko,Christian Koloko
christianwood,Christian Wood
chuckhayes,Chuck Hayes
chuckyhepburn,Chucky Hepburn
chumaokeke,Chuma Okeke
cleanthonyearly,Cleanthony Early
cliffalexander,Cliff Alexander
clintcapela,Clint Capela
cobywhite,Coby White
codymartin,Cody Martin
codywilliams,Cody Williams
codyzeller,Cody Zeller
colbyjones,Colby Jones
colealdrich,Cole Aldrich
coleanthony,Cole Anthony
coleswider,Cole Swider
colincastleton,Colin Castleton
collingillespie,Collin Gillespie
collinmurrayboyles,Collin Murray-Boyles
collinsexton,Collin Sexton
cooperflagg,Cooper Flagg
coreybrewer,Corey Brewer
coreykispert,Corey Kispert
coryjefferson,Cory Jefferson
coryjoseph,Cory Joseph
cotyclarke,Coty Clarke
courtneylee,Courtney Lee
craigporterjr,Craig Porter Jr.
craigsword,Craig Sword
cristianofelicio,Cristiano Felicio
cuiyongxi,Cui Yongxi
curtisjones,Curtis Jones
dangelorussell,D'Angelo Russell
dmoihodge,D'Moi Hodge
djaugustin,D.J. Augustin
djcarton,D.J. Carton
djwilson,D.J. Wilson
djstephens,DJ Stephens
djwhite,DJ White
daquanjeffries,DaQuan Jeffries
daronholmesii,DaRon Holmes II
daeqwonplowden,Daeqwon Plowden
dahntayjones,Dahntay Jones
dairisbertans,Dairis Bertans
daishennix,Daishen Nix
dakarijohnson,Dakari Johnson
dakotamathias,Dakota Mathias
dalanobanton,Dalano Banton
dalenterry,Dalen Terry
daltonknecht,Dalton Knecht
damianjones,Damian Jones
damianlillard,Damian Lillard
damieninglis,Damien Inglis
damienwilkins,Damien Wilkins
damionbaugh,Damion Baugh
damionjames,Damion James
damionlee,Damion Lee
damjanrudez,Damjan Rudez
damyeandotson,Damyean Dotson
danielgafford,Daniel Gafford
danielhamilton,Daniel Hamilton
danielochefu,Daniel Ochefu
danielorton,Daniel Orton
danieloturu,Daniel Oturu
danieltheis,Daniel Theis
danilogallinari,Danilo Gallinari
danissjenkins,Daniss Jenkins
dannygranger,Danny Granger
dannygreen,Danny Green
dannywolf,Danny Wolf
dantecunningham,Dante Cunningham
danteexum,Dante Exum
danuelhousejr,Danuel House Jr.
dariosaric,Dario Saric
dariqwhitehead,Dariq Whitehead
dariusbazley,Darius Bazley
dariusdays,Darius Days
dariusgarland,Darius Garland
dariusjohnsonodom,Darius Johnson-Odom
dariusmiller,Darius Miller
dariusmorris,Darius Morris
darrellarthur,Darrell Arthur
darrencollison,Darren Collison
darrunhilliard,Darrun Hilliard
darylmacon,Daryl Macon
daviddukejr,David Duke Jr.
davidjohnson,David Johnson
davidjonesgarcia,David Jones Garcia
davidlee,David Lee
davidnwaba,David Nwaba
davidroddy,David Roddy
davidstockton,David Stockton
davidwear,David Wear
davidwest,David West
davionmitchell,Davion Mitchell
davisbertans,Davis Bertans
davonreed,Davon Reed
dayronsharpe,Day'Ron Sharpe
deaaronfox,De'Aaron Fox
deandrehunter,De'Andre Hunter
deanthonymelton,De'Anthony Melton
deandrejordan,DeAndre Jordan
deandreliggins,DeAndre Liggins
deandrebembry,DeAndre' Bembry
dejonjarreau,DeJon Jarreau
dejuanblair,DeJuan Blair
demarderozan,DeMar DeRozan
demarcuscousins,DeMarcus Cousins
demarrecarroll,DeMarre Carroll
devaughnakoonpurcell,DeVaughn Akoon-Purcell
deanwade,Dean Wade
deandreayton,Deandre Ayton
deividassirvydis,Deividas Sirvydis
dejountemurray,Dejounte Murray
delonwright,Delon Wright
demetriusjackson,Demetrius Jackson
dengadel,Deng Adel
deniavdija,Deni Avdija
dennisschroder,Dennis Schroder
dennissmithjr,Dennis Smith Jr.
denzelvalentine,Denzel Valentine
deonteburton,Deonte Burton
derecklivelyii,Dereck Lively II
derekfisher,Derek Fisher
dereonseabron,Dereon Seabron
derikqueen,Derik Queen
deronwilliams,Deron Williams
derrickfavors,Derrick Favors
derrickjonesjr,Derrick Jones Jr.
derrickrose,Derrick Rose
derrickwaltonjr,Derrick Walton Jr.
derrickwhite,Derrick White
derrickwilliams,Derrick Williams
desmondbane,Desmond Bane
devinbooker,Devin Booker
devincannady,Devin Cannady
devincarter,Devin Carter
devinharris,Devin Harris
devinrobinson,Devin Robinson
devinvassell,Devin Vassell
devondotson,Devon Dotson
devonhall,Devon Hall
devontaecacok,Devontae Cacok
devontegraham,Devonte' Graham
devynmarble,Devyn Marble
dewanhernandez,Dewan Hernandez
dewaynededmon,Dewayne Dedmon
dexterdennis,Dexter Dennis
dexterpittman,Dexter Pittman
deyontadavis,Deyonta Davis
diamondstone,Diamond Stone
diantegarrett,Diante Garrett
didilouzada,Didi Louzada
dillonbrooks,Dillon Brooks
dillonjones,Dillon Jones
dionwaiters,Dion Waiters
diontechristmas,Dionte Christmas
dirknowitzki,Dirk Nowitzki
dmytroskapintsev,Dmytro Skapintsev
domantassabonis,Domantas Sabonis
dominickbarlow,Dominick Barlow
donaldsloan,Donald Sloan
donatasmotiejunas,Donatas Motiejunas
donovanclingan,Donovan Clingan
donovanmitchell,Donovan Mitchell
donovanwilliams,Donovan Williams
dontahall,Donta Hall
dontedivincenzo,Donte DiVincenzo
dontegrantham,Donte Grantham
dorellwright,Dorell Wright
dorianfinneysmith,Dorian Finney-Smith
doronlamb,Doron Lamb
dougmcdermott,Doug McDermott
draganbender,Dragan Bender
drakepowell,Drake Powell
draymondgreen,Draymond Green
dreweubanks,Drew Eubanks
drewgooden,Drew Gooden
drewgordon,Drew Gordon
drewpeterson,Drew Peterson
drewtimme,Drew Timme
drusmith,Dru Smith
duanewashingtonjr,Duane Washington Jr.
dujedukan,Duje Dukan
duncanrobinson,Duncan Robinson
duopreath,Duop Reath
dustyhannahs,Dusty Hannahs
dwaynebacon,Dwayne Bacon
dwightbuycks,Dwight Buycks
dwighthoward,Dwight Howard
dwightpowell,Dwight Powell
dwyanewade,Dwyane Wade
dylancardwell,Dylan Cardwell
dylanharper,Dylan Harper
dylanwindler,Dylan Windler
dysondaniels,Dyson Daniels
dzananmusa,Dzanan Musa
etwaunmoore,E'Twaun Moore
ejliddell,E.J. Liddell
earlbarron,Earl Barron
earlclark,Earl Clark
earlwatson,Earl Watson
eddavis,Ed Davis
edmondsumner,Edmond Sumner
edytavares,Edy Tavares
egordemin,Egor Demin
ekpeudoh,Ekpe Udoh
elfridpayton,Elfrid Payton
eliasharris,Elias Harris
elieokobo,Elie Okobo
elijahbryant,Elijah Bryant
elijahharkless,Elijah Harkless
elijahhughes,Elijah Hughes
elijahmillsap,Elijah Millsap
elliotwilliams,Elliot Williams
eltonbrand,Elton Brand
emanuelmiller,Emanuel Miller
emanuelterry,Emanuel Terry
emekaokafor,Emeka Okafor
emmanuelmudiay,Emmanuel Mudiay
emonibates,Emoni Bates
enesfreedom,Enes Freedom
enriquefreeman,Enrique Freeman
ericbledsoe,Eric Bledsoe
ericgordon,Eric Gordon
ericmaynor,Eric Maynor
ericmika,Eric Mika
ericmoreland,Eric Moreland
ericpaschall,Eric Paschall
erickgreen,Erick Green
erikmccree,Erik McCree
erikmurphy,Erik Murphy
ersanilyasova,Ersan Ilyasova
ethanthompson,Ethan Thompson
eugeneomoruyi,Eugene Omoruyi
evanfournier,Evan Fournier
evanmobley,Evan Mobley
evanturner,Evan Turner
facundocampazzo,Facundo Campazzo
feronhunt,Feron Hunt
festusezeli,Festus Ezeli
filippetrusev,Filip Petrusev
franciscogarcia,Francisco Garcia
frankjackson,Frank Jackson
frankkaminsky,Frank Kaminsky
frankmasoniii,Frank Mason III
frankntilikina,Frank Ntilikina
franzwagner,Franz Wagner
fredvanvleet,Fred VanVleet
freddiegillespie,Freddie Gillespie
furkanaldemir,Furkan Aldemir
furkankorkmaz,Furkan Korkmaz
ggjackson,GG Jackson
gabevincent,Gabe Vincent
gabeyork,Gabe York
gabrieldeck,Gabriel Deck
gabriellundberg,Gabriel Lundberg
galmekel,Gal Mekel
garretttemple,Garrett Temple
garrisonmathews,Garrison Mathews
garyclark,Gary Clark
garyharris,Gary Harris
garyneal,Gary Neal
garypaytonii,Gary Payton II
garytrentjr,Gary Trent Jr.
georgehill,George Hill
georgeking,George King
georgesniang,Georges Niang
georgioskalaitzakis,Georgios Kalaitzakis
georgiospapagiannis,Georgios Papagiannis
geraldgreen,Gerald Green
geraldhenderson,Gerald Henderson
geraldwallace,Gerald Wallace
gianclavell,Gian Clavell
giannisantetokounmpo,Giannis Antetokounmpo
gigidatome,Gigi Datome
glendavis,Glen Davis
glenrice,Glen Rice
glennrobinsoniii,Glenn Robinson III
gogabitadze,Goga Bitadze
gorandragic,Goran Dragic
gordonhayward,Gordon Hayward
gorguidieng,Gorgui Dieng
gradeydick,Gradey Dick
grantjerrett,Grant Jerrett
grantriller,Grant Riller
grantwilliams,Grant Williams
graysonallen,Grayson Allen
gregbrowniii,Greg Brown III
gregmonroe,Greg Monroe
gregoden,Greg Oden
gregsmith,Greg Smith
gregstiemsma,Greg Stiemsma
gregwhittington,Greg Whittington
greivisvasquez,Greivis Vasquez
guerschonyabusele,Guerschon Yabusele
guisantos,Gui Santos
gustavoayon,Gustavo Ayon
hamadyndiaye,Hamady Ndiaye
hamidoudiallo,Hamidou Diallo
harrisonbarnes,Harrison Barnes
harrisoningram,Harrison Ingram
harrygilesiii,Harry Giles III
hasheemthabeet,Hasheem Thabeet
hassanwhiteside,Hassan Whiteside
hassanigravett,Hassani Gravett
haywoodhighsmith,Haywood Highsmith
hedoturkoglu,Hedo Turkoglu
henridrell,Henri Drell
henryellenson,Henry Ellenson
henrysims,Henry Sims
henrywalker,Henry Walker
herbertjones,Herbert Jones
hiltonarmstrong,Hilton Armstrong
hollisthompson,Hollis Thompson
hugogonzalez,Hugo Gonzalez
hunterdickinson,Hunter Dickinson
huntersallis,Hunter Sallis
huntertyson,Hunter Tyson
ianclark,Ian Clark
ianmahinmi,Ian Mahinmi
iboubadji,Ibou Badji
ignasbrazdeikis,Ignas Brazdeikis
ikeanigbogu,Ike Anigbogu
imanshumpert,Iman Shumpert
immanuelquickley,Immanuel Quickley
isaacbonga,Isaac Bonga
isaachumphries,Isaac Humphries
isaacjones,Isaac Jones
isaacokoro,Isaac Okoro
isaiahbriscoe,Isaiah Briscoe
isaiahcanaan,Isaiah Canaan
isaiahcollier,Isaiah Collier
isaiahcrawford,Isaiah Crawford
isaiahhartenstein,Isaiah Hartenstein
isaiahhicks,Isaiah Hicks
isaiahjackson,Isaiah Jackson
isaiahjoe,Isaiah Joe
isaiahlivers,Isaiah Livers
isaiahmobley,Isaiah Mobley
isaiahroby,Isaiah Roby
isaiahstevens,Isaiah Stevens
isaiahstewart,Isaiah Stewart
isaiahtaylor,Isaiah Taylor
isaiahthomas,Isaiah Thomas
isaiahtodd,Isaiah Todd
isaiahwhitehead,Isaiah Whitehead
isaiahwong,Isaiah Wong
ishsmith,Ish Smith
ishwainright,Ish Wainright
ivanrabb,Ivan Rabb
ivicazubac,Ivica Zubac
izaiahbrockington,Izaiah Brockington
jjbarea,J.J. Barea
jpmacura,J.P. Macura
jddavison,JD Davison
jjhickson,JJ Hickson
jjobrien,JJ O'Brien
jjredick,JJ Redick
jrsmith,JR Smith
jtthor,JT Thor
jamorant,Ja Morant
jakobewalter,Ja'Kobe Walter
jakarrsampson,JaKarr Sampson
jamychalgreen,JaMychal Green
jaquorimclaughlin,JaQuori McLaughlin
javalemcgee,JaVale McGee
jabaribird,Jabari Bird
jabaribrown,Jabari Brown
jabariparker,Jabari Parker
jabarismithjr,Jabari Smith Jr.
jabariwalker,Jabari Walker
jackcooley,Jack Cooley
jackmcveigh,Jack McVeigh
jackwhite,Jack White
jacksonrowe,Jackson Rowe
jacobevans,Jacob Evans
jacobgilyard,Jacob Gilyard
jacobpullen,Jacob Pullen
jacobtoppin,Jacob Toppin
jacobwiley,Jacob Wiley
jadenhardy,Jaden Hardy
jadenivey,Jaden Ivey
jadenmcdaniels,Jaden McDaniels
jadenspringer,Jaden Springer
jaecrowder,Jae Crowder
jaeseantate,Jae'Sean Tate
jahlilokafor,Jahlil Okafor
jahmaimashack,Jahmai Mashack
jahmiusramsey,Jahmi'us Ramsey
jahmiryoung,Jahmir Young
jahmyltelfort,Jahmyl Telfort
jaimeechenique,Jaime Echenique
jaimejaquezjr,Jaime Jaquez Jr.
jakelaravia,Jake LaRavia
jakelayman,Jake Layman
jakobpoeltl,Jakob Poeltl
jalenbridges,Jalen Bridges
jalenbrunson,Jalen Brunson
jalencrutcher,Jalen Crutcher
jalenduren,Jalen Duren
jalengreen,Jalen Green
jalenharris,Jalen Harris
jalenhoodschifino,Jalen Hood-Schifino
jalenjohnson,Jalen Johnson
jalenjones,Jalen Jones
jalenlecque,Jalen Lecque
jalenmcdaniels,Jalen McDaniels
jalenpickett,Jalen Pickett
jalenslawson,Jalen Slawson
jalensmith,Jalen Smith
jalensuggs,Jalen Suggs
jalenwilliams,Jalen Williams
jalenwilson,Jalen Wilson
jamaalfranklin,Jamaal Franklin
jamaaltinsley,Jamaal Tinsley
jamalcain,Jamal Cain
jamalcrawford,Jamal Crawford
jamalmurray,Jamal Murray
jamalshead,Jamal Shead
jamareebouyea,Jamaree Bouyea
jameelwarney,Jameel Warney
jameernelson,Jameer Nelson
jamelartis,Jamel Artis
jamesanderson,James Anderson
jamesbouknight,James Bouknight
jamesennisiii,James Ennis III
jamesharden,James Harden
jamesjohnson,James Johnson
jamesjones,James Jones
jamesmichaelmcadoo,James Michael McAdoo
jamesnunnally,James Nunnally
jamessoutherland,James Southerland
jameswebbiii,James Webb III
jameswiseman,James Wiseman
jamesyoung,James Young
jamilwilson,Jamil Wilson
jamirwatkins,Jamir Watkins
jamisonbattle,Jamison Battle
jamorkopickett,Jamorko Pickett
janvesely,Jan Vesely
janneropargo,Jannero Pargo
jaracewalker,Jarace Walker
jaredbutler,Jared Butler
jaredcunningham,Jared Cunningham
jareddudley,Jared Dudley
jaredharper,Jared Harper
jaredmccain,Jared McCain
jaredrhoden,Jared Rhoden
jaredsullinger,Jared Sullinger
jaredterrell,Jared Terrell
jarelleddie,Jarell Eddie
jarellmartin,Jarell Martin
jarenjacksonjr,Jaren Jackson Jr.
jarnellstokes,Jarnell Stokes
jaronblossomgame,Jaron Blossomgame
jarredvanderbilt,Jarred Vanderbilt
jarrellbrantley,Jarrell Brantley
jarrettallen,Jarrett Allen
jarrettculver,Jarrett Culver
jarrettjack,Jarrett Jack
jarroduthoff,Jarrod Uthoff
jarroncumberland,Jarron Cumberland
jarvisvarnado,Jarvis Varnado
jaserichardson,Jase Richardson
jasoncollins,Jason Collins
jasonmaxiell,Jason Maxiell
jasonpreston,Jason Preston
jasonrichardson,Jason Richardson
jasonsmith,Jason Smith
jasonterry,Jason Terry
jasonthompson,Jason Thompson
javindelaurier,Javin DeLaurier
javonfreemanliberty,Javon Freeman-Liberty
javonsmall,Javon Small
javontecooke,Javonte Cooke
javontegreen,Javonte Green
javontesmart,Javonte Smart
jawunevans,Jawun Evans
jaxsonhayes,Jaxson Hayes
jayhuff,Jay Huff
jayscrubb,Jay Scrubb
jaylenadams,Jaylen Adams
jaylenbrown,Jaylen Brown
jaylenclark,Jaylen Clark
jaylenhoard,Jaylen Hoard
jaylenmartin,Jaylen Martin
jaylenmorris,Jaylen Morris
jaylennowell,Jaylen Nowell
jaylensims,Jaylen Sims
jaylenwells,Jaylen Wells
jaylinwilliams,Jaylin Williams
jaylontyson,Jaylon Tyson
jayseanpaige,Jaysean Paige
jaysontatum,Jayson Tatum
jaziangortman,Jazian Gortman
jeffadrien,Jeff Adrien
jeffayres,Jeff Ayres
jeffdowtinjr,Jeff Dowtin Jr.
jeffgreen,Jeff Green
jeffteague,Jeff Teague
jeffwithey,Jeff Withey
jefferytaylor,Jeffery Taylor
jemerriojones,Jemerrio Jones
jeramigrant,Jerami Grant
jerelmcneal,Jerel McNeal
jeremiahfears,Jeremiah Fears
jeremiahmartin,Jeremiah Martin
jeremiahrobinsonearl,Jeremiah Robinson-Earl
jeremyevans,Jeremy Evans
jeremylamb,Jeremy Lamb
jeremylin,Jeremy Lin
jeremypargo,Jeremy Pargo
jeremysochan,Jeremy Sochan
jeremytyler,Jeremy Tyler
jeriangrant,Jerian Grant
jerichosims,Jericho Sims
jermaineoneal,Jermaine O'Neal
jermainesamuelsjr,Jermaine Samuels Jr.
jeromejordan,Jerome Jordan
jeromerobinson,Jerome Robinson
jerrellebenimon,Jerrelle Benimon
jerrydbayless,Jerryd Bayless
jesseedwards,Jesse Edwards
jetthoward,Jett Howard
jevoncarter,Jevon Carter
jimmerfredette,Jimmer Fredette
jimmybutleriii,Jimmy Butler III
joakimnoah,Joakim Noah
joanberinger,Joan Beringer
jocklandale,Jock Landale
jodiemeeks,Jodie Meeks
joechealey,Joe Chealey
joeharris,Joe Harris
joeingles,Joe Ingles
joejohnson,Joe Johnson
joewieskamp,Joe Wieskamp
joeyoung,Joe Young
joelanthony,Joel Anthony
joelayayi,Joel Ayayi
joelbolomboy,Joel Bolomboy
joelembiid,Joel Embiid
joelfreeland,Joel Freeland
joeydorsey,Joey Dorsey
joffreylauvergne,Joffrey Lauvergne
johnbutlerjr,John Butler Jr.
johncollins,John Collins
johnhenson,John Henson
johnholland,John Holland
johnjenkins,John Jenkins
johnkonchar,John Konchar
johnlucasiii,John Lucas III
johnsalmons,John Salmons
johnwall,John Wall
johnathanmotley,Johnathan Motley
johnathanwilliams,Johnathan Williams
johnibroome,Johni Broome
johnnydavis,Johnny Davis
johnnyfurphy,Johnny Furphy
johnnyjuzang,Johnny Juzang
johnnyobryantiii,Johnny O'Bryant III
jonleuer,Jon Leuer
jonteske,Jon Teske
jonahbolden,Jonah Bolden
jonasjerebko,Jonas Jerebko
jonasvalanciunas,Jonas Valanciunas
jonathangibson,Jonathan Gibson
jonathanisaac,Jonathan Isaac
jonathankuminga,Jonathan Kuminga
jonathanmogbo,Jonathan Mogbo
jonathonsimmons,Jonathon Simmons
jontayporter,Jontay Porter
jordanadams,Jordan Adams
jordanbell,Jordan Bell
jordanbone,Jordan Bone
jordanclarkson,Jordan Clarkson
jordancrawford,Jordan Crawford
jordanfarmar,Jordan Farmar
jordanford,Jordan Ford
jordangoodwin,Jordan Goodwin
jordanhall,Jordan Hall
jordanhamilton,Jordan Hamilton
jordanhawkins,Jordan Hawkins
jordanhill,Jordan Hill
jordanloyd,Jordan Loyd
jordanmclaughlin,Jordan McLaughlin
jordanmcrae,Jordan McRae
jordanmickey,Jordan Mickey
jordanmiller,Jordan Miller
jordannwora,Jordan Nwora
jordanpoole,Jordan Poole
jordanschakel,Jordan Schakel
jordansibert,Jordan Sibert
jordanwalsh,Jordan Walsh
jorgegutierrez,Jorge Gutierrez
josealvarado,Jose Alvarado
josecalderon,Jose Calderon
joshchildress,Josh Childress
joshchristopher,Josh Christopher
joshgiddey,Josh Giddey
joshgray,Josh Gray
joshgreen,Josh Green
joshhall,Josh Hall
joshharrellson,Josh Harrellson
joshhart,Josh Hart
joshhuestis,Josh Huestis
joshjackson,Josh Jackson
joshmagette,Josh Magette
joshmcroberts,Josh McRoberts
joshminott,Josh Minott
joshokogie,Josh Okogie
joshpowell,Josh Powell
joshreaves,Josh Reaves
joshrichardson,Josh Richardson
joshsmith,Josh Smith
joshuaprimo,Joshua Primo
jrueholiday,Jrue Holiday
juantoscanoanderson,Juan Toscano-Anderson
juanchohernangomez,Juancho Hernangomez
julesbernard,Jules Bernard
julianchampagnie,Julian Champagnie
julianphillips,Julian Phillips
julianstrawther,Julian Strawther
julianwashburn,Julian Washburn
juliusrandle,Julius Randle
julyanstone,Julyan Stone
justinanderson,Justin Anderson
justinchampagnie,Justin Champagnie
justinedwards,Justin Edwards
justinhamilton,Justin Hamilton
justinharper,Justin Harper
justinholiday,Justin Holiday
justinjackson,Justin Jackson
justinjames,Justin James
justinminaya,Justin Minaya
justinpatton,Justin Patton
justinrobinson,Justin Robinson
justinwrightforeman,Justin Wright-Foreman
justisewinslow,Justise Winslow
jusufnurkic,Jusuf Nurkic
juwanmorgan,Juwan Morgan
kjmartin,KJ Martin
kjmcdaniels,KJ McDaniels
kjsimpson,KJ Simpson
kzokpala,KZ Okpala
kadeemallen,Kadeem Allen
kaijones,Kai Jones
kaisergates,Kaiser Gates
kalinlucas,Kalin Lucas
kamjones,Kam Jones
karimmane,Karim Mane
karlanthonytowns,Karl-Anthony Towns
karlomatkovic,Karlo Matkovic
kasparasjakucionis,Kasparas Jakucionis
kawhileonard,Kawhi Leonard
kayfelder,Kay Felder
keatonwallace,Keaton Wallace
keeganmurray,Keegan Murray
keifersykes,Keifer Sykes
keionbrooksjr,Keion Brooks Jr.
keitabatesdiop,Keita Bates-Diop
keithappling,Keith Appling
keithbogans,Keith Bogans
kelelware,Kel'el Ware
kelanmartin,Kelan Martin
keldonjohnson,Keldon Johnson
keljinblevins,Keljin Blevins
kellyolynyk,Kelly Olynyk
kellyoubrejr,Kelly Oubre Jr.
kembawalker,Kemba Walker
kendallbrown,Kendall Brown
kendallmarshall,Kendall Marshall
kendricknunn,Kendrick Nunn
kendrickperkins,Kendrick Perkins
kennedychandler,Kennedy Chandler
kennethfaried,Kenneth Faried
kennethloftonjr,Kenneth Lofton Jr.
kenrichwilliams,Kenrich Williams
kentbazemore,Kent Bazemore
kentaviouscaldwellpope,Kentavious Caldwell-Pope
kenyonmartin,Kenyon Martin
keonellis,Keon Ellis
keonjohnson,Keon Johnson
keshadjohnson,Keshad Johnson
kessleredwards,Kessler Edwards
kevindurant,Kevin Durant
kevingarnett,Kevin Garnett
kevinhervey,Kevin Hervey
kevinhuerter,Kevin Huerter
kevinknoxii,Kevin Knox II
kevinlove,Kevin Love
kevinmartin,Kevin Martin
kevinmccullarjr,Kevin McCullar Jr.
kevinpangos,Kevin Pangos
kevinporterjr,Kevin Porter Jr.
kevinseraphin,Kevin Seraphin
kevonharris,Kevon Harris
kevonlooney,Kevon Looney
keyontaejohnson,Keyontae Johnson
keyontegeorge,Keyonte George
khamanmaluach,Khaman Maluach
khembirch,Khem Birch
khrismiddleton,Khris Middleton
khyrithomas,Khyri Thomas
killianhayes,Killian Hayes
killiantillie,Killian Tillie
kiralewisjr,Kira Lewis Jr.
kirkhinrich,Kirk Hinrich
klaythompson,Klay Thompson
kobebrown,Kobe Brown
kobebryant,Kobe Bryant
kobebufkin,Kobe Bufkin
kobesanders,Kobe Sanders
kobisimmons,Kobi Simmons
kobybrea,Koby Brea
konknueppel,Kon Knueppel
kostakoufos,Kosta Koufos
kostasantetokounmpo,Kostas Antetokounmpo
kostaspapanikolaou,Kostas Papanikolaou
krisdunn,Kris Dunn
krishumphries,Kris Humphries
krismurray,Kris Murray
kristapsporzingis,Kristaps Porzingis
kybowman,Ky Bowman
kylealexander,Kyle Alexander
kyleanderson,Kyle Anderson
kylecollinsworth,Kyle Collinsworth
kylefilipowski,Kyle Filipowski
kyleguy,Kyle Guy
kylekorver,Kyle Korver
kylekuzma,Kyle Kuzma
kylelowry,Kyle Lowry
kyleoquinn,Kyle O'Quinn
kylesingler,Kyle Singler
kylewiltjer,Kyle Wiltjer
kylorkelley,Kylor Kelley
kyrieirving,Kyrie Irving
kyshawngeorge,Kyshawn George
lamarcusaldridge,LaMarcus Aldridge
lameloball,LaMelo Ball
lachlanolbrich,Lachlan Olbrich
lamarpatterson,Lamar Patterson
lamarstevens,Lamar Stevens
lancestephenson,Lance Stephenson
lancethomas,Lance Thomas
landryfields,Landry Fields
landryshamet,Landry Shamet
langstongalloway,Langston Galloway
larrydrewii,Larry Drew II
larrynancejr,Larry Nance Jr.
larrysanders,Larry Sanders
laurimarkkanen,Lauri Markkanen
lavoyallen,Lavoy Allen
lebronjames,LeBron James
leakyblack,Leaky Black
leandrobarbosa,Leandro Barbosa
leandrobolmaro,Leandro Bolmaro
leonardmiller,Leonard Miller
lesterhudson,Lester Hudson
lesterquinones,Lester Quinones
liammcneeley,Liam McNeeley
liamrobbins,Liam Robbins
lindellwigginton,Lindell Wigginton
lindywatersiii,Lindy Waters III
londonperrantes,London Perrantes
lonniewalkeriv,Lonnie Walker IV
lonzoball,Lonzo Ball
lorenzobrown,Lorenzo Brown
louamundson,Lou Amundson
louwilliams,Lou Williams
louisking,Louis King
lucmbahamoute,Luc Mbah a Moute
lucasnogueira,Lucas Nogueira
luguentzdort,Luguentz Dort
luismontero,Luis Montero
luisscola,Luis Scola
lukadoncic,Luka Doncic
lukagarza,Luka Garza
lukasamanic,Luka Samanic
lukebabbitt,Luke Babbitt
lukekennard,Luke Kennard
lukekornet,Luke Kornet
lukeridnour,Luke Ridnour
luketravers,Luke Travers
luoldeng,Luol Deng
mjwalker,MJ Walker
maalikwayns,Maalik Wayns
macmcclung,Mac McClung
malachiflynn,Malachi Flynn
malachirichardson,Malachi Richardson
malakibranham,Malaki Branham
malcolmbrogdon,Malcolm Brogdon
malcolmcazalon,Malcolm Cazalon
malcolmdelaney,Malcolm Delaney
malcolmhill,Malcolm Hill
malcolmlee,Malcolm Lee
malcolmmiller,Malcolm Miller
malcolmthomas,Malcolm Thomas
malevyleons,Malevy Leons
malikbeasley,Malik Beasley
malikfitts,Malik Fitts
malikmonk,Malik Monk
maliknewman,Malik Newman
malikwilliams,Malik Williams
mamadidiakite,Mamadi Diakite
mangokmathiang,Mangok Mathiang
mannyharris,Manny Harris
manuginobili,Manu Ginobili
maozinhapereira,Maozinha Pereira
marjonbeauchamp,MarJon Beauchamp
marshonbrooks,MarShon Brooks
marcgasol,Marc Gasol
marcelohuertas,Marcelo Huertas
marcingortat,Marcin Gortat
marcobelinelli,Marco Belinelli
marcusbagley,Marcus Bagley
marcusderrickson,Marcus Derrickson
marcusgarrett,Marcus Garrett
marcusgeorgeshunt,Marcus Georges-Hunt
marcusmorrissr,Marcus Morris Sr.
marcuspaige,Marcus Paige
marcussasser,Marcus Sasser
marcussmart,Marcus Smart
marcusthornton,Marcus Thornton
marialshayok,Marial Shayok
mariochalmers,Mario Chalmers
mariohezonja,Mario Hezonja
marksears,Mark Sears
markwilliams,Mark Williams
markelbrown,Markel Brown
markellefultz,Markelle Fultz
markieffmorris,Markieff Morris
markoguduric,Marko Guduric
markosimonovic,Marko Simonovic
markquisnowell,Markquis Nowell
markushoward,Markus Howard
marquesbolden,Marques Bolden
marquesechriss,Marquese Chriss
marquisteague,Marquis Teague
marreesespeights,Marreese Speights
marshallplumlee,Marshall Plumlee
martellwebster,Martell Webster
marvinbagleyiii,Marvin Bagley III
marvinwilliams,Marvin Williams
masonjones,Mason Jones
masonplumlee,Mason Plumlee
matasbuzelis,Matas Buzelis
matissethybulle,Matisse Thybulle
mattbarnes,Matt Barnes
mattbonner,Matt Bonner
mattcostello,Matt Costello
matthurt,Matt Hurt
mattmooney,Matt Mooney
mattryan,Matt Ryan
mattthomas,Matt Thomas
mattwilliamsjr,Matt Williams Jr.
matthewdellavedova,Matthew Dellavedova
mauriceharkless,Maurice Harkless
mauricendour,Maurice Ndour
maxchristie,Max Christie
maxstrus,Max Strus
maxikleber,Maxi Kleber
maximeraynaud,Maxime Raynaud
maxwelllewis,Maxwell Lewis
mckinleywrightiv,McKinley Wright IV
melvinely,Melvin Ely
melvinfrazierjr,Melvin Frazier Jr.
mettaworldpeace,Metta World Peace
meyersleonard,Meyers Leonard
mfiondukabengele,Mfiondu Kabengele
micahpeavy,Micah Peavy
micahpotter,Micah Potter
michaelbeasley,Michael Beasley
michaelcarterwilliams,Michael Carter-Williams
michaelfosterjr,Michael Foster Jr.
michaelfrazierii,Michael Frazier II
michaelgbinije,Michael Gbinije
michaelkiddgilchrist,Michael Kidd-Gilchrist
michaelporterjr,Michael Porter Jr.
mikalbridges,Mikal Bridges
mikeconley,Mike Conley
mikedunleavy,Mike Dunleavy
mikeharris,Mike Harris
mikejames,Mike James
mikemiller,Mike Miller
mikemuscala,Mike Muscala
mikescott,Mike Scott
miketobey,Mike Tobey
milesbridges,Miles Bridges
mileskelly,Miles Kelly
milesmcbride,Miles McBride
milesnorris,Miles Norris
milesplumlee,Miles Plumlee
milosteodosic,Milos Teodosic
miltondoyle,Milton Doyle
mindaugaskuzminskas,Mindaugas Kuzminskas
miroslavraduljica,Miroslav Raduljica
mirzateletovic,Mirza Teletovic
mitchmcgary,Mitch McGary
mitchellcreek,Mitchell Creek
mitchellrobinson,Mitchell Robinson
miyeoni,Miye Oni
mobamba,Mo Bamba
mowilliams,Mo Williams
mohameddiawara,Mohamed Diawara
montaellis,Monta Ellis
montemorris,Monte Morris
montrezlharrell,Montrezl Harrell
moritzwagner,Moritz Wagner
mosesbrown,Moses Brown
mosesmoody,Moses Moody
moseswright,Moses Wright
mouhamadougueye,Mouhamadou Gueye
mouhamedgueye,Mouhamed Gueye
moussacisse,Moussa Cisse
moussadiabate,Moussa Diabate
mustafashakur,Mustafa Shakur
mychalmulder,Mychal Mulder
mykehenry,Myke Henry
mylespowell,Myles Powell
mylesturner,Myles Turner
myrongardner,Myron Gardner
nfalydante,N'Faly Dante
naeqwantomlin,Nae'Qwan Tomlin
najimarshall,Naji Marshall
nandodecolo,Nando De Colo
nassirlittle,Nassir Little
natedarling,Nate Darling
natehinton,Nate Hinton
naterobinson,Nate Robinson
natewilliams,Nate Williams
natewolters,Nate Wolters
nathanknight,Nathan Knight
nathanmensah,Nathan Mensah
nazmitroulong,Naz Mitrou-Long
nazreid,Naz Reid
nazrmohammed,Nazr Mohammed
neemiasqueta,Neemias Queta
nemanjabjelica,Nemanja Bjelica
nemanjanedovic,Nemanja Nedovic
nene,Nene
nerlensnoel,Nerlens Noel
nicclaxton,Nic Claxton
nickcalathes,Nick Calathes
nickcollison,Nick Collison
nickjohnson,Nick Johnson
nickrichards,Nick Richards
nicksmithjr,Nick Smith Jr.
nickyoung,Nick Young
nickeilalexanderwalker,Nickeil Alexander-Walker
nicomannion,Nico Mannion
nicolasbatum,Nicolas Batum
nicolasbrussino,Nicolas Brussino
nicolaslaprovittola,Nicolas Laprovittola
nicolomelli,Nicolo Melli
nigelhayes,Nigel Hayes
nigelhayesdavis,Nigel Hayes-Davis
nigelwilliamsgoss,Nigel Williams-Goss
nikstauskas,Nik Stauskas
nikolajokic,Nikola Jokic
nikolajovic,Nikola Jovic
nikolamirotic,Nikola Mirotic
nikolapekovic,Nikola Pekovic
nikolavucevic,Nikola Vucevic
niqueclifford,Nique Clifford
noaessengue,Noa Essengue
noahclowney,Noah Clowney
noahpenda,Noah Penda
noahvonleh,Noah Vonleh
nolantraore,Nolan Traore
normanpowell,Norman Powell
norriscole,Norris Cole
norvelpelle,Norvel Pelle
ojmayo,O.J. Mayo
oganunoby,OG Anunoby
obitoppin,Obi Toppin
ochaiagbaji,Ochai Agbaji
ognjenkuzmic,Ognjen Kuzmic
okarowhite,Okaro White
oliviersarr,Olivier Sarr
oliviermaxenceprosper,Olivier-Maxence Prosper
omarijohnson,Omari Johnson
omarispellman,Omari Spellman
omerasik,Omer Asik
omeryurtseven,Omer Yurtseven
omricasspi,Omri Casspi
onuralpbitim,Onuralp Bitim
onyekaokongwu,Onyeka Okongwu
orlandojohnson,Orlando Johnson
orlandorobinson,Orlando Robinson
oscartshiebwe,Oscar Tshiebwe
oshaebrissett,Oshae Brissett
osoighodaro,Oso Ighodaro
othyusjeffers,Othyus Jeffers
ottoporterjr,Otto Porter Jr.
ousmanedieng,Ousmane Dieng
pjtucker,P.J. Tucker
pjwashington,P.J. Washington
pjdozier,PJ Dozier
pjhairston,PJ Hairston
pjhall,PJ Hall
pabloprigioni,Pablo Prigioni
pacomedadiet,Pacome Dadiet
paolobanchero,Paolo Banchero
parisbass,Paris Bass
pascalsiakam,Pascal Siakam
patconnaughton,Pat Connaughton
patspencer,Pat Spencer
patriciogarino,Patricio Garino
patrickbaldwinjr,Patrick Baldwin Jr.
patrickbeverley,Patrick Beverley
patrickchristopher,Patrick Christopher
patrickmccaw,Patrick McCaw
patrickpatterson,Patrick Patterson
patrickwilliams,Patrick Williams
pattymills,Patty Mills
paugasol,Pau Gasol
paulgeorge,Paul George
paulmillsap,Paul Millsap
paulpierce,Paul Pierce
paulreed,Paul Reed
paulwatson,Paul Watson
paulzipser,Paul Zipser
paytonpritchard,Payton Pritchard
pellelarsson,Pelle Larsson
peroantic,Pero Antic
perryjonesiii,Perry Jones III
petenance,Pete Nance
petrcornelie,Petr Cornelie
peytonsiva,Peyton Siva
peytonwatson,Peyton Watson
philpressey,Phil Pressey
phillipwheeler,Phillip Wheeler
pierrejackson,Pierre Jackson
preciousachiuwa,Precious Achiuwa
quentingrimes,Quentin Grimes
quentonjackson,Quenton Jackson
quincyacy,Quincy Acy
quincymiller,Quincy Miller
quincyolivari,Quincy Olivari
quincypondexter,Quincy Pondexter
quinncook,Quinn Cook
quinndaryweatherspoon,Quinndary Weatherspoon
quintenpost,Quinten Post
rjhampton,R.J. Hampton
rjbarrett,RJ Barrett
rjhunter,RJ Hunter
raiquangray,RaiQuan Gray
rajonrondo,Rajon Rondo
rakeemchristmas,Rakeem Christmas
ramonsessions,Ramon Sessions
randyfoye,Randy Foye
rashadvaughn,Rashad Vaughn
rashardlewis,Rashard Lewis
rasheerfleming,Rasheer Fleming
rasualbutler,Rasual Butler
raulneto,Raul Neto
rawlealkins,Rawle Alkins
rayallen,Ray Allen
raymccallum,Ray McCallum
rayspalding,Ray Spalding
rayjdennis,RayJ Dennis
rayanrupert,Rayan Rupert
rayjontucker,Rayjon Tucker
raymondfelton,Raymond Felton
reecebeekman,Reece Beekman
reedsheppard,Reed Sheppard
reggiebullockjr,Reggie Bullock Jr.
reggieevans,Reggie Evans
reggiehearn,Reggie Hearn
reggiejackson,Reggie Jackson
reggieperry,Reggie Perry
reggiewilliams,Reggie Williams
richardjefferson,Richard Jefferson
richaunholmes,Richaun Holmes
rickycounciliv,Ricky Council IV
rickyledo,Ricky Ledo
rickyrubio,Ricky Rubio
rileyminix,Riley Minix
robdillingham,Rob Dillingham
robedwards,Rob Edwards
robbiehummel,Robbie Hummel
robertcovington,Robert Covington
robertfranks,Robert Franks
robertsacre,Robert Sacre
robertwilliamsiii,Robert Williams III
robertwoodardii,Robert Woodard II
robinlopez,Robin Lopez
rodionskurucs,Rodions Kurucs
rodneyhood,Rodney Hood
rodneymcgruder,Rodney McGruder
rodneypurvis,Rodney Purvis
rodneystuckey,Rodney Stuckey
rogermasonjr,Roger Mason Jr.
romeolangford,Romeo Langford
ronbaker,Ron Baker
ronharperjr,Ron Harper Jr.
ronaldhollandii,Ronald Holland II
rondaehollisjefferson,Rondae Hollis-Jefferson
ronniebrewer,Ronnie Brewer
ronnieprice,Ronnie Price
ronnyturiaf,Ronny Turiaf
royhibbert,Roy Hibbert
royalivey,Royal Ivey
royceoneale,Royce O'Neale
roycewhite,Royce White
rubennembhardjr,Ruben Nembhard Jr.
rudygay,Rudy Gay
rudygobert,Rudy Gobert
ruihachimura,Rui Hachimura
russsmith,Russ Smith
russellwestbrook,Russell Westbrook
ryananderson,Ryan Anderson
ryanarcidiacono,Ryan Arcidiacono
ryanbroekhoff,Ryan Broekhoff
ryandunn,Ryan Dunn
ryangomes,Ryan Gomes
ryanhollins,Ryan Hollins
ryankalkbrenner,Ryan Kalkbrenner
ryankelly,Ryan Kelly
ryannembhard,Ryan Nembhard
ryanrollins,Ryan Rollins
sabenlee,Saben Lee
saddiqbey,Saddiq Bey
salahmejri,Salah Mejri
samdekker,Sam Dekker
samhauser,Sam Hauser
sammerrill,Sam Merrill
samueldalembert,Samuel Dalembert
sandromamukelashvili,Sandro Mamukelashvili
santialdama,Santi Aldama
sashakaun,Sasha Kaun
sashavezenkov,Sasha Vezenkov
sashavujacic,Sasha Vujacic
scoothenderson,Scoot Henderson
scottmachado,Scott Machado
scottiebarnes,Scottie Barnes
scottielewis,Scottie Lewis
scottyhopson,Scotty Hopson
scottypippenjr,Scotty Pippen Jr.
seankilpatrick,Sean Kilpatrick
seanmcdermott,Sean McDermott
sebastiantelfair,Sebastian Telfair
sekoudoumbouya,Sekou Doumbouya
semajchriston,Semaj Christon
semiojeleye,Semi Ojeleye
sergeibaka,Serge Ibaka
sergeykarasev,Sergey Karasev
sergiorodriguez,Sergio Rodriguez
sethcurry,Seth Curry
sethlundy,Seth Lundy
shabazzmuhammad,Shabazz Muhammad
shabazznapier,Shabazz Napier
shaedonsharpe,Shaedon Sharpe
shaigilgeousalexander,Shai Gilgeous-Alexander
shakemilton,Shake Milton
shamorieponds,Shamorie Ponds
shanebattier,Shane Battier
shaneedwards,Shane Edwards
shanelarkin,Shane Larkin
shannonbrown,Shannon Brown
shaqbuchanan,Shaq Buchanan
shaquilleharrison,Shaquille Harrison
sharifecooper,Sharife Cooper
shaunlivingston,Shaun Livingston
shavlikrandolph,Shavlik Randolph
shawnlong,Shawn Long
shawnmarion,Shawn Marion
shawnewilliams,Shawne Williams
shaynewhittington,Shayne Whittington
sheldonmac,Sheldon Mac
shelvinmack,Shelvin Mack
sidycissoko,Sidy Cissoko
simbhullar,Sim Bhullar
simonefontecchio,Simone Fontecchio
sindariusthornwell,Sindarius Thornwell
sionjames,Sion James
skallabissiere,Skal Labissiere
skylarmays,Skylar Mays
solomonhill,Solomon Hill
solomonjones,Solomon Jones
sonnyweems,Sonny Weems
spencerdinwiddie,Spencer Dinwiddie
spencerhawes,Spencer Hawes
spencerjones,Spencer Jones
stanleyjohnson,Stanley Johnson
stanleyumude,Stanley Umude
stantonkidd,Stanton Kidd
stephencurry,Stephen Curry
stephenjackson,Stephen Jackson
stephenzimmerman,Stephen Zimmerman
stephoncastle,Stephon Castle
sterlingbrown,Sterling Brown
steveblake,Steve Blake
stevenash,Steve Nash
stevenovak,Steve Novak
stevenadams,Steven Adams
svimykhailiuk,Svi Mykhailiuk
tjleaf,T.J. Leaf
tjmcconnell,T.J. McConnell
tjwarren,T.J. Warren
tackofall,Tacko Fall
taelonpeter,Taelon Peter
tahjeremccall,Tahjere McCall
tajgibson,Taj Gibson
talenhortontucker,Talen Horton-Tucker
tarieason,Tari Eason
tarikblack,Tarik Black
tariqowens,Tariq Owens
taureanprince,Taurean Prince
taylorhendricks,Taylor Hendricks
tayshaunprince,Tayshaun Prince
tazemoore,Taze Moore
terancemann,Terance Mann
terencedavis,Terence Davis
terquavionsmith,Terquavion Smith
terranceferguson,Terrance Ferguson
terrencejones,Terrence Jones
terrenceross,Terrence Ross
terrenceshannonjr,Terrence Shannon Jr.
terryrozier,Terry Rozier
terrytaylor,Terry Taylor
thabosefolosha,Thabo Sefolosha
thaddeusyoung,Thaddeus Young
thanasisantetokounmpo,Thanasis Antetokounmpo
theomaledon,Theo Maledon
theopinson,Theo Pinson
thomasbryant,Thomas Bryant
thomasrobinson,Thomas Robinson
thomaswelsh,Thomas Welsh
thonmaker,Thon Maker
tiagosplitter,Tiago Splitter
tiborpleiss,Tibor Pleiss
tidjanesalaun,Tidjane Salaun
timduncan,Tim Duncan
timfrazier,Tim Frazier
timhardawayjr,Tim Hardaway Jr.
timquarterman,Tim Quarterman
timmyallen,Timmy Allen
timofeymozgov,Timofey Mozgov
timotheluwawucabarrot,Timothe Luwawu-Cabarrot
tobiasharris,Tobias Harris
tolusmith,Tolu Smith
tomassatoransky,Tomas Satoransky
toneydouglas,Toney Douglas
tonyallen,Tony Allen
tonybradley,Tony Bradley
tonymitchell,Tony Mitchell
tonyparker,Tony Parker
tonysnell,Tony Snell
tonywroten,Tony Wroten
tornikeshengelia,Tornike Shengelia
torreycraig,Torrey Craig
tosanevbuomwan,Tosan Evbuomwan
toumanicamara,Toumani Camara
touremurry,Toure' Murry
traeyoung,Trae Young
travisoutlaw,Travis Outlaw
traviswear,Travis Wear
traycejacksondavis,Trayce Jackson-Davis
trayvonpalmer,Trayvon Palmer
trejohnson,Tre Johnson
trejones,Tre Jones
tremann,Tre Mann
tremontwaters,Tremont Waters
trendonwatford,Trendon Watford
trentforrest,Trent Forrest
trentynflowers,Trentyn Flowers
trevelinqueen,Trevelin Queen
treveongraham,Treveon Graham
trevonduval,Trevon Duval
trevonscott,Trevon Scott
trevorariza,Trevor Ariza
trevorbooker,Trevor Booker
trevorhudgins,Trevor Hudgins
trevorkeels,Trevor Keels
treyalexander,Trey Alexander
treyburke,Trey Burke
treyjemisoniii,Trey Jemison III
treylyles,Trey Lyles
treymckinneyjones,Trey McKinney-Jones
treymurphyiii,Trey Murphy III
tristanthompson,Tristan Thompson
tristanvukcevic,Tristan Vukcevic
tristandasilva,Tristan da Silva
tristennewton,Tristen Newton
troybrownjr,Troy Brown Jr.
troycaupain,Troy Caupain
troydaniels,Troy Daniels
troywilliams,Troy Williams
tyjerome,Ty Jerome
tylawson,Ty Lawson
tyshonalexander,Ty-Shon Alexander
tytywashingtonjr,TyTy Washington Jr.
tylerbey,Tyler Bey
tylercavanaugh,Tyler Cavanaugh
tylercook,Tyler Cook
tylerdavis,Tyler Davis
tylerdorsey,Tyler Dorsey
tylerennis,Tyler Ennis
tylerhall,Tyler Hall
tylerhansbrough,Tyler Hansbrough
tylerherro,Tyler Herro
tylerjohnson,Tyler Johnson
tylerkolek,Tyler Kolek
tylerlydon,Tyler Lydon
tylersmith,Tyler Smith
tylerulis,Tyler Ulis
tylerzeller,Tyler Zeller
tyrekeevans,Tyreke Evans
tyrellterry,Tyrell Terry
tyresehaliburton,Tyrese Haliburton
tyresemartin,Tyrese Martin
tyresemaxey,Tyrese Maxey
tyreseproctor,Tyrese Proctor
tyronewallace,Tyrone Wallace
tyrusthomas,Tyrus Thomas
tyshawntaylor,Tyshawn Taylor
tysonchandler,Tyson Chandler
tysonetienne,Tyson Etienne
tyusjones,Tyus Jones
udokaazubuike,Udoka Azubuike
udonishaslem,Udonis Haslem
ulrichchomche,Ulrich Chomche
usmangaruba,Usman Garuba
vjedgecombe,VJ Edgecombe
vanderblue,Vander Blue
vasilijemicic,Vasilije Micic
vernoncareyjr,Vernon Carey Jr.
viacheslavkravtsov,Viacheslav Kravtsov
viclaw,Vic Law
victorclaver,Victor Claver
victoroladipo,Victor Oladipo
victorwembanyama,Victor Wembanyama
vincecarter,Vince Carter
vincewilliamsjr,Vince Williams Jr.
vincentedwards,Vincent Edwards
vincenthunter,Vincent Hunter
vincentpoirier,Vincent Poirier
vitkrejci,Vit Krejci
vitorfaverani,Vitor Faverani
vladislavgoldin,Vladislav Goldin
vlatkocancar,Vlatko Cancar
wadebaldwiniv,Wade Baldwin IV
walkerkessler,Walker Kessler
waltlemonjr,Walt Lemon Jr.
walterclaytonjr,Walter Clayton Jr.
wayneellington,Wayne Ellington
wayneselden,Wayne Selden
wendellcarterjr,Wendell Carter Jr.
wendellmoorejr,Wendell Moore Jr.
wenyengabriel,Wenyen Gabriel
wesiwundu,Wes Iwundu
wesleyjohnson,Wesley Johnson
wesleymatthews,Wesley Matthews
willbarton,Will Barton
willbynum,Will Bynum
willcherry,Will Cherry
willmagnay,Will Magnay
willrichard,Will Richard
willriley,Will Riley
williamhoward,William Howard
williecauleystein,Willie Cauley-Stein
williegreen,Willie Green
williereed,Willie Reed
willyhernangomez,Willy Hernangomez
wilsonchandler,Wilson Chandler
xaviercooks,Xavier Cooks
xavierhenry,Xavier Henry
xaviermoon,Xavier Moon
xaviermunford,Xavier Munford
xavierrathanmayes,Xavier Rathan-Mayes
xaviersilas,Xavier Silas
xaviersneed,Xavier Sneed
xaviertillman,Xavier Tillman
yanghansen,Yang Hansen
yanickonanniederhauser,Yanic Konan Niederhauser
yantematen,Yante Maten
yogiferrell,Yogi Ferrell
yukikawamura,Yuki Kawamura
yuricollins,Yuri Collins
yutawatanabe,Yuta Watanabe
yvesmissi,Yves Missi
yvespons,Yves Pons
zaccharierisacher,Zaccharie Risacher
zachcollins,Zach Collins
zachedey,Zach Edey
zachlavine,Zach LaVine
zachlofton,Zach Lofton
zachnorvelljr,Zach Norvell Jr.
zachrandolph,Zach Randolph
zaviersimpson,Zavier Simpson
zazapachulia,Zaza Pachulia
zekennaji,Zeke Nnaji
zhairesmith,Zhaire Smith
zhouqi,Zhou Qi
ziairewilliams,Ziaire Williams
zionwilliamson,Zion Williamson
zorandragic,Zoran Dragic
zylancheatham,Zylan Cheatham
zyonpullin,Zyon Pullin
