file,player,source_key
league-table-2025.csv,Cui Cui,cuicui
league-table-2026.csv,Alex Antetokounmpo,alexantetokounmpo
league-table-2026.csv,Tyler Burton,tylerburton
league-table-2026.csv,Lucas Williamson,lucaswilliamson
league-table-2026.csv,Alex Morales,alexmorales
league-table-2026.csv,Grant Nelson,grantnelson
league-table-2026.csv,Norchad Omier,norchadomier
league-table-2026.csv,Malachi Smith,malachismith
league-table-2026.csv,Payton Sandfort,paytonsandfort
league-table-2026.csv,Adama Bal,adamabal
league-table-2026.csv,Darius Brown,dariusbrown
league-table-2026.csv,Josh Oduro,joshoduro
league-table-2026.csv,Cormac Ryan,cormacryan
league-table-2026.csv,Julian Reese,julianreese
league-table-2026.csv,John Tonje,johntonje
league-table-2026.csv,Rocco Zikarsky,roccozikarsky
league-table-2026.csv,Sean Pedulla,seanpedulla
league-table-2026.csv,John Poulakidas,johnpoulakidas
league-table-2026.csv,Bez Mbeng,bezmbeng
league-table-2026.csv,CJ Huntley,cjhuntley
league-table-2026.csv,Chaney Johnson,chaneyjohnson
league-table-2026.csv,Andersson Garcia,anderssongarcia
league-table-2026.csv,Toby Okani,tobyokani
league-table-2026.csv,Jayson Kent,jaysonkent
