BBI Names,PBP stats names,Synergy names,NBA Names
Aaron Brooks,Aaron Brooks,Aaron Brooks,Aaron Brooks
Aaron Gordon,Aaron Gordon,Aaron Gordon,Aaron Gordon
Aaron Harrison,Aaron Harrison,Aaron Harrison,Aaron Harrison
Aaron Jackson,Aaron Jackson,Aaron Jackson,Aaron Jackson
Abdel Nader,Abdel Nader,Abdel Nader,Abdel Nader
Adreian Payne,Adreian Payne,Adreian Payne,Adreian Payne
Al Horford,Al Horford,Al Horford,Al Horford
Al Jefferson,Al Jefferson,Al Jefferson,Al Jefferson
Al-Farouq Aminu,Al-Farouq Aminu,Al Farouq Aminu,Al-Farouq Aminu
Alan Williams,Alan Williams,Alan Williams,Alan Williams
Alec Burks,Alec Burks,Alec Burks,Alec Burks
Alec Peters,Alec Peters,Alec Peters,Alec Peters
Alex Abrines,Alex Abrines,Alex Abrines,Alex Abrines
Alex Caruso,Alex Caruso,Alex Caruso,Alex Caruso
Alex Len,Alex Len,Alex Len,Alex Len
Alex Poythress,Alex Poythress,Alex Poythress,Alex Poythress
Alfonzo McKinnie,Alfonzo McKinnie,Alfonzo McKinnie,Alfonzo McKinnie
Allen Crabbe,Allen Crabbe,Allen Crabbe,Allen Crabbe
Amir Johnson,Amir Johnson,Amir Johnson,Amir Johnson
Andre Drummond,Andre Drummond,Andre Drummond,Andre Drummond
Andre Iguodala,Andre Iguodala,Andre Iguodala,Andre Iguodala
Andre Ingram,Andre Ingram,Andre Ingram,Andre Ingram
Andre Roberson,Andre Roberson,Andre Roberson,Andre Roberson
Andrew Bogut,Andrew Bogut,Andrew Bogut,Andrew Bogut
Andrew Harrison,Andrew Harrison,Andrew Harrison,Andrew Harrison
Andrew White III,Andrew White III,Andrew White,Andrew White III
Andrew Wiggins,Andrew Wiggins,Andrew  Wiggins,Andrew Wiggins
Ante Zizic,Ante Zizic,Ante Zizic,Ante Zizic
Anthony Brown,,Anthony Brown,Anthony Brown
Anthony Davis,Anthony Davis,Anthony Davis,Anthony Davis
Anthony Tolliver,Anthony Tolliver,Anthony Tolliver,Anthony Tolliver
Antonio Blakeney,Antonio Blakeney,Antonio Blakeney,Antonio Blakeney
Antonius Cleveland,Antonius Cleveland,Antonius Cleveland,Antonius Cleveland
Aron Baynes,Aron Baynes,Aron Baynes,Aron Baynes
Arron Afflalo,Arron Afflalo,Arron Afflalo,Arron Afflalo
Austin Rivers,Austin Rivers,Austin Rivers,Austin Rivers
Avery Bradley,Avery Bradley,Avery Bradley,Avery Bradley
Bam Adebayo,Bam Adebayo,Bam Adebayo,Bam Adebayo
Ben McLemore,Ben McLemore,Ben McLemore,Ben McLemore
Ben Moore,,,Ben Moore
Ben Simmons,Ben Simmons,Ben Simmons,Ben Simmons
Bismack Biyombo,Bismack Biyombo,Bismack Biyombo,Bismack Biyombo
Blake Griffin,Blake Griffin,Blake Griffin,Blake Griffin
Boban Marjanovic,Boban Marjanovic,Boban Marjanovic,Boban Marjanović
Bobby Brown,Bobby Brown,Bobby Brown,Bobby Brown
Bobby Portis,Bobby Portis,Bobby Portis,Bobby Portis
Bogdan Bogdanovic,Bogdan Bogdanovic,Bogdan Bogdanovic,Bogdan Bogdanović
Bojan Bogdanovic,Bojan Bogdanovic,Bojan Bogdanovic,Bojan Bogdanović
Bradley Beal,Bradley Beal,Bradley Beal,Bradley Beal
Brandan Wright,Brandan Wright,Brandan Wright,Brandan Wright
Brandon Ingram,Brandon Ingram,Brandon Ingram,Brandon Ingram
Brandon Jennings,Brandon Jennings,Brandon Jennings,Brandon Jennings
Brandon Paul,Brandon Paul,Brandon Paul,Brandon Paul
Briante Weber,Briante Weber,Briante Weber,Briante Weber
Brice Johnson,Brice Johnson,Brice Johnson,Brice Johnson
Brook Lopez,Brook Lopez,Brook Lopez,Brook Lopez
Bruno Caboclo,Bruno Caboclo,Bruno Caboclo,Bruno Caboclo
Bryn Forbes,Bryn Forbes,Bryn Forbes,Bryn Forbes
Buddy Hield,Buddy Hield,Buddy Hield,Buddy Hield
C.J. Williams,C.J. Williams,C.J. Williams,C.J. Williams
Caleb Swanigan,Caleb Swanigan,Caleb Swanigan,Caleb Swanigan
Cameron Payne,Cameron Payne,Cameron Payne,Cameron Payne
Caris LeVert,Caris LeVert,Caris LeVert,Caris LeVert
Carmelo Anthony,Carmelo Anthony,Carmelo Anthony,Carmelo Anthony
Cedi Osman,Cedi Osman,Cedi Osman,Cedi Osman
Chandler Parsons,Chandler Parsons,Chandler Parsons,Chandler Parsons
Channing Frye,Channing Frye,Channing Frye,Channing Frye
Charles Cooke,Charles Cooke,Charles Cooke,Charles Cooke
Cheick Diallo,Cheick Diallo,Cheick Diallo,Cheick Diallo
Chinanu Onuaku,,Chinanu Onuaku,Chinanu Onuaku
Chris Boucher,,Chris Boucher,Chris Boucher
Chris McCullough,Chris McCullough,Chris McCullough,Chris McCullough
Chris Paul,Chris Paul,Chris Paul,Chris Paul
CJ McCollum,CJ McCollum,CJ McCollum,CJ McCollum
CJ Miles,CJ Miles,CJ Miles,CJ Miles
Clint Capela,Clint Capela,Clint Capela,Clint Capela
Cody Zeller,Cody Zeller,Cody Zeller,Cody Zeller
Cole Aldrich,Cole Aldrich,Cole Aldrich,Cole Aldrich
Corey Brewer,Corey Brewer,Corey Brewer,Corey Brewer
Cory Joseph,Cory Joseph,Cory Joseph,Cory Joseph
Courtney Lee,Courtney Lee,Courtney Lee,Courtney Lee
Cristiano Felicio,Cristiano Felicio,Cristiano Felicio,Cristiano Felicio
D.J. Augustin,D.J. Augustin,DJ Augustin,D.J. Augustin
D.J. Wilson,D.J. Wilson,D.J. Wilson,D.J. Wilson
D'Angelo Russell,D'Angelo Russell,DAngelo Russell,D'Angelo Russell
,Dakari Johnson,Dakari Johnson,Dakari Johnson
Damian Jones,Damian Jones,Damian Jones,Damian Jones
Damian Lillard,Damian Lillard,Damian Lillard,Damian Lillard
Damien Wilkins,Damien Wilkins,Damien Wilkins,Damien Wilkins
Damion Lee,Damion Lee,Damion Lee,Damion Lee
Damyean Dotson,Damyean Dotson,Damyean Dotson,Damyean Dotson
Daniel Hamilton,,Daniel Hamilton,Daniel Hamilton
Daniel Theis,Daniel Theis,Daniel Theis,Daniel Theis
Danilo Gallinari,Danilo Gallinari,Danilo Gallinari,Danilo Gallinari
Danny Green,Danny Green,Danny Green,Danny Green
Dante Cunningham,Dante Cunningham,Dante Cunningham,Dante Cunningham
Dante Exum,Dante Exum,Dante Exum,Danté Exum
Danuel House Jr.,Danuel House Jr.,Danuel House,Danuel House Jr.
Dario Saric,Dario Saric,Dario Saric,Dario Šarić
Darius Miller,Darius Miller,Darius Miller,Darius Miller
Darrell Arthur,Darrell Arthur,Darrell Arthur,Darrell Arthur
Darren Collison,Darren Collison,Darren Collison,Darren Collison
Darrun Hilliard,Darrun Hilliard,Darrun Hilliard,Darrun Hilliard
David Nwaba,David Nwaba,David Nwaba,David Nwaba
David Stockton,,David Stockton,David Stockton
David West,David West,David West,David West
Davis Bertans,Davis Bertans,Davis Bertans,Dāvis Bertāns
Davon Reed,Davon Reed,Davon Reed,Davon Reed
De'Aaron Fox,De'Aaron Fox,De Aaron Fox,De'Aaron Fox
DeAndre Jordan,DeAndre Jordan,DeAndre Jordan,DeAndre Jordan
DeAndre Liggins,DeAndre Liggins,DeAndre Liggins,DeAndre Liggins
DeAndre' Bembry,DeAndre' Bembry,DeAndre Bembry,DeAndre' Bembry
Dejounte Murray,Dejounte Murray,Dejounte Murray,Dejounte Murray
Delon Wright,Delon Wright,Delon Wright,Delon Wright
DeMar DeRozan,DeMar DeRozan,DeMar DeRozan,DeMar DeRozan
DeMarcus Cousins,DeMarcus Cousins,DeMarcus Cousins,DeMarcus Cousins
DeMarre Carroll,DeMarre Carroll,DeMarre Carroll,DeMarre Carroll
Demetrius Jackson,Demetrius Jackson,Demetrius Jackson,Demetrius Jackson
Dennis Schroder,Dennis Schroder,Dennis Schroder,Dennis Schröder
Dennis Smith Jr.,Dennis Smith Jr.,Dennis Smith Jr.,Dennis Smith Jr.
Denzel Valentine,Denzel Valentine,Denzel Valentine,Denzel Valentine
Derrick Favors,Derrick Favors,Derrick Favors,Derrick Favors
Derrick Jones Jr.,Derrick Jones Jr.,Derrick Jones Jr.,Derrick Jones Jr.
Derrick Rose,Derrick Rose,Derrick Rose,Derrick Rose
Derrick Walton Jr.,Derrick Walton Jr.,Derrick Walton Jr.,Derrick Walton Jr.
Derrick White,Derrick White,Derrick White,Derrick White
Derrick Williams,,Derrick Williams,Derrick Williams
Devin Booker,Devin Booker,Devin Booker,Devin Booker
Devin Harris,Devin Harris,Devin Harris,Devin Harris
Devin Robinson,,Devin Robinson,Devin Robinson
Dewayne Dedmon,Dewayne Dedmon,Dewayne Dedmon,Dewayne Dedmon
Deyonta Davis,Deyonta Davis,Deyonta Davis,Deyonta Davis
Dillon Brooks,Dillon Brooks,Dillon Brooks,Dillon Brooks
Dion Waiters,Dion Waiters,Dion Waiters,Dion Waiters
Dirk Nowitzki,Dirk Nowitzki,Dirk Nowitzki,Dirk Nowitzki
Domantas Sabonis,Domantas Sabonis,Domantas Sabonis,Domantas Sabonis
Donovan Mitchell,Donovan Mitchell,Donovan Mitchell,Donovan Mitchell
Dorian Finney-Smith,Dorian Finney-Smith,Dorian Finney-Smith,Dorian Finney-Smith
Doug McDermott,Doug McDermott,Doug McDermott,Doug McDermott
Dragan Bender,Dragan Bender,Dragan Bender,Dragan Bender
Draymond Green,Draymond Green,Draymond Green,Draymond Green
Dwayne Bacon,Dwayne Bacon,Dwayne Bacon,Dwayne Bacon
Dwight Buycks,Dwight Buycks,Dwight Buycks,Dwight Buycks
Dwight Howard,Dwight Howard,Dwight Howard,Dwight Howard
Dwight Powell,Dwight Powell,Dwight  Powell,Dwight Powell
Dwyane Wade,Dwyane Wade,Dwyane Wade,Dwyane Wade
E'Twaun Moore,E'Twaun Moore,E'Twaun Moore,E'Twaun Moore
Ed Davis,Ed Davis,Ed Davis,Ed Davis
Edmond Sumner,,Edmond Sumner,Edmond Sumner
Ekpe Udoh,Ekpe Udoh,Ekpe Udoh,Ekpe Udoh
Elfrid Payton,Elfrid Payton,Elfrid Payton,Elfrid Payton
Emeka Okafor,Emeka Okafor,Emeka Okafor,Emeka Okafor
Emmanuel Mudiay,Emmanuel Mudiay,Emmanuel Mudiay,Emmanuel Mudiay
Enes Freedom,Enes Kanter,Enes Kanter,Enes Freedom
Eric Bledsoe,Eric Bledsoe,Eric Bledsoe,Eric Bledsoe
Eric Gordon,Eric Gordon,Eric Gordon,Eric Gordon
Eric Moreland,Eric Moreland,Eric Moreland,Eric Moreland
Erik McCree,,Erik McCree,Erik McCree
Ersan Ilyasova,Ersan Ilyasova,Ersan Ilyasova,Ersan Ilyasova
Evan Fournier,Evan Fournier,Evan Fournier,Evan Fournier
Evan Turner,Evan Turner,Evan Turner,Evan Turner
Frank Kaminsky,Frank Kaminsky,Frank Kaminsky,Frank Kaminsky
Frank Mason III,Frank Mason,Frank Mason,Frank Mason III
Frank Ntilikina,Frank Ntilikina,Frank Ntilikina,Frank Ntilikina
Fred VanVleet,Fred VanVleet,Fred VanVleet,Fred VanVleet
Furkan Korkmaz,Furkan Korkmaz,Furkan Korkmaz,Furkan Korkmaz
Garrett Temple,Garrett Temple,Garrett Temple,Garrett Temple
Gary Harris,Gary Harris,Gary Harris,Gary Harris
Gary Payton II,Gary Payton II,Gary Payton II,Gary Payton II
George Hill,George Hill,George Hill,George Hill
Georges Niang,Georges Niang,Georges Niang,Georges Niang
Georgios Papagiannis,Georgios Papagiannis,Georgios Papagiannis,Georgios Papagiannis
Gerald Green,Gerald Green,Gerald Green,Gerald Green
Gian Clavell,Gian Clavell,Gian Clavell,Gian Clavell
Giannis Antetokounmpo,Giannis Antetokounmpo,Giannis Antetokounmpo,Giannis Antetokounmpo
Glenn Robinson III,Glenn Robinson III,Glenn Robinson III,Glenn Robinson III
Goran Dragic,Goran Dragic,Goran Dragic,Goran Dragic
Gordon Hayward,,Gordon Hayward,Gordon Hayward
Gorgui Dieng,Gorgui Dieng,Gorgui Dieng,Gorgui Dieng
Greg Monroe,Greg Monroe,Greg Monroe,Greg Monroe
Guerschon Yabusele,Guerschon Yabusele,Guerschon Yabusele,Guerschon Yabusele
Harrison Barnes,Harrison Barnes,Harrison Barnes,Harrison Barnes
Hassan Whiteside,Hassan Whiteside,Hassan Whiteside,Hassan Whiteside
Henry Ellenson,Henry Ellenson,Henry Ellenson,Henry Ellenson
Ian Clark,Ian Clark,Ian Clark,Ian Clark
Ian Mahinmi,Ian Mahinmi,Ian Mahinmi,Ian Mahinmi
Ike Anigbogu,Ike Anigbogu,Ike Anigbogu,Ike Anigbogu
Iman Shumpert,Iman Shumpert,Iman Shumpert,Iman Shumpert
Isaiah Canaan,Isaiah Canaan,Isaiah Canaan,Isaiah Canaan
Isaiah Hicks,Isaiah Hicks,Isaiah Hicks,Isaiah Hicks
Isaiah Taylor,Isaiah Taylor,Isaiah Taylor,Isaiah Taylor
Isaiah Thomas,Isaiah Thomas,Isaiah Thomas,Isaiah Thomas
Isaiah Whitehead,Isaiah Whitehead,Isaiah Whitehead,Isaiah Whitehead
Ish Smith,Ish Smith,Ish Smith,Ish Smith
Ivan Rabb,Ivan Rabb,Ivan Rabb,Ivan Rabb
Ivica Zubac,Ivica Zubac,Ivica Zubac,Ivica Zubac
J.J. Barea,J.J. Barea,J.J. Barea,J.J. Barea
Jabari Bird,Jabari Bird,Jabari Bird,Jabari Bird
Jabari Parker,Jabari Parker,Jabari Parker,Jabari Parker
Jack Cooley,Jack Cooley,Jack Cooley,Jack Cooley
Jacob Pullen,,Jacob Pullen,Jacob Pullen
Jacob Wiley,Jacob Wiley,Jacob Wiley,Jacob Wiley
Jae Crowder,Jae Crowder,Jae Crowder,Jae Crowder
Jahlil Okafor,Jahlil Okafor,Jahil Okafor,Jahlil Okafor
,,Jahlil Okafor,Jahlil Okafor
JaKarr Sampson,JaKarr Sampson,JaKarr Sampson,JaKarr Sampson
Jake Layman,Jake Layman,Jake Layman,Jake Layman
Jakob Poeltl,Jakob Poeltl,Jakob Poeltl,Jakob Poeltl
Jalen Jones,Jalen Jones,Jalen Jones,Jalen Jones
Jamal Crawford,Jamal Crawford,Jamal Crawford,Jamal Crawford
Jamal Murray,Jamal Murray,Jamal Murray,Jamal Murray
Jameel Warney,,Jameel Warney,Jameel Warney
Jameer Nelson,Jameer Nelson,Jameer Nelson,Jameer Nelson
Jamel Artis,Jamel Artis,Jamel Artis,Jamel Artis
James Ennis III,James Ennis III,James Ennis,James Ennis III
James Harden,James Harden,James Harden,James Harden
James Johnson,James Johnson,James Johnson,James Johnson
James Michael McAdoo,,James Michael McAdoo,James Michael McAdoo
James Webb III,James Webb III,James Webb III,James Webb III
James Young,James Young,James Young,James Young
Jamil Wilson,Jamil Wilson,Jamil Wilson,Jamil Wilson
JaMychal Green,JaMychal Green,JaMychal Green,JaMychal Green
Jared Dudley,Jared Dudley,Jared Dudley,Jared Dudley
Jarell Eddie,,Jarell Eddie,Jarell Eddie
Jarell Martin,Jarell Martin,Jarell Martin,Jarell Martin
Jarrett Allen,Jarrett Allen,Jarrett Allen,Jarrett Allen
Jarrett Jack,Jarrett Jack,Jarrett Jack,Jarrett Jack
Jason Smith,Jason Smith,Jason Smith,Jason Smith
Jason Terry,Jason Terry,Jason Terry,Jason Terry
JaVale McGee,JaVale McGee,JaVale McGee,JaVale McGee
Jawun Evans,Jawun Evans,Jawun Evans,Jawun Evans
Jaylen Brown,Jaylen Brown,Jaylen Brown,Jaylen Brown
Jaylen Morris,Jaylen Morris,Jaylen Morris,Jaylen Morris
Jayson Tatum,Jayson Tatum,Jayson Tatum,Jayson Tatum
Jeff Green,Jeff Green,Jeff Green,Jeff Green
Jeff Teague,Jeff Teague,Jeff Teague,Jeff Teague
Jeff Withey,Jeff Withey,Jeff Withey,Jeff Withey
Jerami Grant,Jerami Grant,Jerami Grant,Jerami Grant
Jeremy Evans,,Jeremy Evans,Jeremy Evans
Jeremy Lamb,Jeremy Lamb,Jeremy Lamb,Jeremy Lamb
Jeremy Lin,,Jeremy Lin,Jeremy Lin
Jerian Grant,Jerian Grant,Jerian Grant,Jerian Grant
Jerryd Bayless,Jerryd Bayless,Jerryd Bayless,Jerryd Bayless
Jimmy Butler,Jimmy Butler,Jimmy Butler,Jimmy Butler III
JJ Redick,JJ Redick,JJ Redick,JJ Redick
Joakim Noah,Joakim Noah,Joakim Noah,Joakim Noah
Jodie Meeks,Jodie Meeks,Jodie Meeks,Jodie Meeks
Joe Harris,Joe Harris,Joe Harris,Joe Harris
Joe Ingles,Joe Ingles,Joe  Ingles,Joe Ingles
Joe Johnson,Joe Johnson,Joe Johnson,Joe Johnson
Joe Young,Joe Young,Joe Young,Joe Young
Joel Bolomboy,Joel Bolomboy,Joel Bolomboy,Joel Bolomboy
Joel Embiid,Joel Embiid,Joel Embiid,Joel Embiid
Joffrey Lauvergne,Joffrey Lauvergne,Joffrey Lauvergne,Joffrey Lauvergne
John Collins,John Collins,John Collins,John Collins
John Henson,John Henson,John Henson,John Henson
John Holland,John Holland,John Holland,John Holland
John Wall,John Wall,John Wall,John Wall
Johnathan Motley,Johnathan Motley,Johnathan Motley,Johnathan Motley
Johnny O'Bryant III,Johnny O'Bryant III,Johnny O'Bryant III,Johnny O'Bryant III
Jon Leuer,Jon Leuer,Jon Leuer,Jon Leuer
Jonas Jerebko,Jonas Jerebko,Jonas Jerebko,Jonas Jerebko
Jonas Valanciunas,Jonas Valanciunas,Jonas Valanciunas,Jonas Valančiūnas
Jonathan Gibson,Jonathan Gibson,Jonathan Gibson,Jonathan Gibson
Jonathan Isaac,Jonathan Isaac,Jonathan Isaac,Jonathan Isaac
Jonathon Simmons,Jonathon Simmons,Jonathon Simmons,Jonathon Simmons
Jordan Bell,Jordan Bell,Jordan Bell,Jordan Bell
Jordan Clarkson,Jordan Clarkson,Jordan  Clarkson,Jordan Clarkson
,,Jordan Clarkson,Jordan Clarkson
Jordan Crawford,Jordan Crawford,Jordan Crawford,Jordan Crawford
Jordan Mickey,Jordan Mickey,Jordan Mickey,Jordan Mickey
Jose Calderon,Jose Calderon,Jose Calderon,Jose Calderon
Josh Gray,Josh Gray,Josh Gray,Josh Gray
Josh Hart,Josh Hart,Josh Hart,Josh Hart
Josh Huestis,Josh Huestis,Josh Huestis,Josh Huestis
Josh Jackson,Josh Jackson,Josh Jackson,Josh Jackson
Josh Magette,Josh Magette,Josh Magette,Josh Magette
Josh McRoberts,,Josh McRoberts,Josh McRoberts
Josh Richardson,Josh Richardson,Josh Richardson,Josh Richardson
Josh Smith,,Josh Smith,Josh Smith
JR Smith,JR Smith,JR Smith,JR Smith
Jrue Holiday,Jrue Holiday,Jrue Holiday,Jrue Holiday
Juancho Hernangomez,Juancho Hernangomez,Juan Hernangomez,Juancho Hernangomez
Julius Randle,Julius Randle,Julius Randle,Julius Randle
Julyan Stone,Julyan Stone,Julyan Stone,Julyan Stone
Justin Anderson,Justin Anderson,Justin Anderson,Justin Anderson
Justin Holiday,Justin Holiday,Justin Holiday,Justin Holiday
Justin Jackson,Justin Jackson,Justin Jackson,Justin Jackson
Justin Patton,,Justin Patton,Justin Patton
Justise Winslow,Justise Winslow,Justise Winslow,Justise Winslow
Jusuf Nurkic,Jusuf Nurkic,Jusuf Nurkic,Jusuf Nurkić
Kadeem Allen,Kadeem Allen,Kadeem Allen,Kadeem Allen
Karl-Anthony Towns,Karl-Anthony Towns,Karl-Anthony Towns,Karl-Anthony Towns
Kawhi Leonard,Kawhi Leonard,Kawhi Leonard,Kawhi Leonard
Kay Felder,Kay Felder,Kay Felder,Kay Felder
Kelly Olynyk,Kelly Olynyk,Kelly Olynyk,Kelly Olynyk
Kelly Oubre Jr.,Kelly Oubre Jr.,Kelly Oubre Jr.,Kelly Oubre Jr.
Kemba Walker,Kemba Walker,Kemba Walker,Kemba Walker
Kendrick Perkins,,Kendrick Perkins,Kendrick Perkins
Kenneth Faried,Kenneth Faried,Kenneth Faried,Kenneth Faried
Kent Bazemore,Kent Bazemore,Kent  Bazemore,Kent Bazemore
Kentavious Caldwell-Pope,Kentavious Caldwell-Pope,Kentavious Caldwell-Pope,Kentavious Caldwell-Pope
Kevin Durant,Kevin Durant,Kevin Durant,Kevin Durant
Kevin Love,Kevin Love,Kevin Love,Kevin Love
Kevon Looney,Kevon Looney,Kevon Looney,Kevon Looney
Khem Birch,Khem Birch,Khem Birch,Khem Birch
Khris Middleton,Khris Middleton,Khris Middleton,Khris Middleton
Klay Thompson,Klay Thompson,Klay Thompson,Klay Thompson
Kobi Simmons,Kobi Simmons,Kobi Simmons,Kobi Simmons
Kosta Koufos,Kosta Koufos,Kosta Koufos,Kosta Koufos
Kris Dunn,Kris Dunn,Kris Dunn,Kris Dunn
Kristaps Porzingis,Kristaps Porzingis,Kristaps Porzingis,Kristaps Porziņģis
Kyle Anderson,Kyle Anderson,Kyle  Anderson,Kyle Anderson
Kyle Collinsworth,Kyle Collinsworth,Kyle Collinsworth,Kyle Collinsworth
Kyle Korver,Kyle Korver,Kyle Korver,Kyle Korver
Kyle Kuzma,Kyle Kuzma,Kyle Kuzma,Kyle Kuzma
Kyle Lowry,Kyle Lowry,Kyle Lowry,Kyle Lowry
Kyle O'Quinn,Kyle O'Quinn,Kyle O'Quinn,Kyle O'Quinn
Kyle Singler,Kyle Singler,Kyle Singler,Kyle Singler
Kyrie Irving,Kyrie Irving,Kyrie Irving,Kyrie Irving
LaMarcus Aldridge,LaMarcus Aldridge,LaMarcus Aldridge,LaMarcus Aldridge
Lance Stephenson,Lance Stephenson,Lance Stephenson,Lance Stephenson
Lance Thomas,Lance Thomas,Lance Thomas,Lance Thomas
Langston Galloway,Langston Galloway,Langston Galloway,Langston Galloway
Larry Drew II,Larry Drew II,Larry Drew,Larry Drew II
,,Larry Drew II,Larry Drew II
Larry Nance Jr.,Larry Nance Jr.,Larry Nance,Larry Nance Jr.
,,Larry Nance Jr,Larry Nance Jr.
Lauri Markkanen,Lauri Markkanen,Lauri Markkanen,Lauri Markkanen
LeBron James,LeBron James,LeBron James,LeBron James
London Perrantes,London Perrantes,London Perrantes,London Perrantes
Lonzo Ball,Lonzo Ball,Lonzo Ball,Lonzo Ball
Lorenzo Brown,Lorenzo Brown,Lorenzo Brown,Lorenzo Brown
Lou Williams,Lou Williams,Lou Williams,Lou Williams
Luc Mbah a Moute,Luc Mbah a Moute,Luc Mbah a Moute,Luc Mbah a Moute
Lucas Nogueira,Lucas Nogueira,Lucas Nogueira,Lucas Nogueira
Luis Montero,,Luis Montero,Luis Montero
Luke Babbitt,Luke Babbitt,Luke Babbitt,Luke Babbitt
Luke Kennard,Luke Kennard,Luke Kennard,Luke Kennard
Luke Kornet,Luke Kornet,Luke Kornet,Luke Kornet
Luol Deng,,Luol Deng,Luol Deng
Malachi Richardson,Malachi Richardson,Malachi Richardson,Malachi Richardson
Malcolm Brogdon,Malcolm Brogdon,Malcolm Brogdon,Malcolm Brogdon
Malcolm Delaney,Malcolm Delaney,Malcom Delaney,Malcolm Delaney
Malcolm Miller,Malcolm Miller,Malcolm Miller,Malcolm Miller
Malik Beasley,Malik Beasley,Malik Beasley,Malik Beasley
Malik Monk,Malik Monk,Malik Monk,Malik Monk
Mangok Mathiang,,Mangok Mathiang,Mangok Mathiang
Manu Ginobili,Manu Ginobili,Manu Ginobili,Manu Ginobili
Marc Gasol,Marc Gasol,Marc Gasol,Marc Gasol
Marcin Gortat,Marcin Gortat,Marcin Gortat,Marcin Gortat
Marco Belinelli,Marco Belinelli,Marco Belinelli,Marco Belinelli
Marcus Georges-Hunt,Marcus Georges-Hunt,Marcus Georges-Hunt,Marcus Georges-Hunt
Marcus Morris Sr.,Marcus Morris,Marcus Morris,Marcus Morris Sr.
Marcus Paige,,Marcus Paige,Marcus Paige
Marcus Smart,Marcus Smart,Marcus Smart,Marcus Smart
Mario Chalmers,Mario Chalmers,Mario Chalmers,Mario Chalmers
Mario Hezonja,Mario Hezonja,Mario Hezonja,Mario Hezonja
Markel Brown,Markel Brown,Markel Brown,Markel Brown
Markelle Fultz,Markelle Fultz,Markelle Fultz,Markelle Fultz
Markieff Morris,Markieff Morris,Markieff Morris,Markieff Morris
Marquese Chriss,Marquese Chriss,Marquese Chriss,Marquese Chriss
Marquis Teague,Marquis Teague,Marquis Teague,Marquis Teague
Marreese Speights,Marreese Speights,Marreese Speights,Marreese Speights
Marshall Plumlee,Marshall Plumlee,Marshall Plumlee,Marshall Plumlee
MarShon Brooks,MarShon Brooks,MarShon Brooks,MarShon Brooks
Marvin Williams,Marvin Williams,Marvin  Williams,Marvin Williams
Mason Plumlee,Mason Plumlee,Mason Plumlee,Mason Plumlee
Matt Costello,Matt Costello,Matt Costello,Matt Costello
Matt Williams Jr.,,Matt Williams Jr.,Matt Williams Jr.
Matthew Dellavedova,Matthew Dellavedova,Matthew Dellavedova,Matthew Dellavedova
Maurice Harkless,Maurice Harkless,Maurice  Harkless,Maurice Harkless
Maxi Kleber,Maxi Kleber,Maxi Kleber,Maxi Kleber
Meyers Leonard,Meyers Leonard,Meyers Leonard,Meyers Leonard
Michael Beasley,Michael Beasley,Michael Beasley,Michael Beasley
Michael Carter-Williams,Michael Carter-Williams,Michael Carter-Williams,Michael Carter-Williams
Michael Kidd-Gilchrist,Michael Kidd-Gilchrist,Michael Kidd-Gilchrist,Michael Kidd-Gilchrist
Mike Conley,Mike Conley,Mike Conley,Mike Conley
Mike James,Mike James,Mike James,Mike James
Mike Muscala,Mike Muscala,Mike Muscala,Mike Muscala
Mike Scott,Mike Scott,Mike Scott,Mike Scott
Miles Plumlee,Miles Plumlee,Miles Plumlee,Miles Plumlee
Milos Teodosic,Milos Teodosic,Milos Teodosic,Milos Teodosic
Milton Doyle,Milton Doyle,Milton Doyle,Milton Doyle
Mindaugas Kuzminskas,,Mindaugas Kuzminskas,Mindaugas Kuzminskas
Mirza Teletovic,Mirza Teletovic,Mirza Teletovic,Mirza Teletovic
Monte Morris,,Monte Morris,Monté Morris
Montrezl Harrell,Montrezl Harrell,Montrezl Harrell,Montrezl Harrell
Myke Henry,Myke Henry,Myke Henry,Myke Henry
Myles Turner,Myles Turner,Myles Turner,Myles Turner
Nate Wolters,,Nate Wolters,Nate Wolters
Naz Mitrou-Long,,Naz Mitrou-Long,Naz Mitrou-Long
Nemanja Bjelica,Nemanja Bjelica,Nemanja Bjelica,Nemanja Bjelica
Nene,Nene,Nene Hilario,Nene
Nerlens Noel,Nerlens Noel,Nerlens Noel,Nerlens Noel
Nick Collison,Nick Collison,Nick Collison,Nick Collison
Nick Young,Nick Young,Nick Young,Nick Young
Nicolas Batum,Nicolas Batum,Nicolas Batum,Nicolas Batum
Nicolas Brussino,,Nicolas Brussino,Nicolas Brussino
Nigel Hayes,Nigel Hayes,Nigel Hayes,Nigel Hayes
Nik Stauskas,Nik Stauskas,Nik Stauskas,Nik Stauskas
Nikola Jokic,Nikola Jokic,Nikola Jokic,Nikola Jokić
Nikola Mirotic,Nikola Mirotic,Nikola Mirotic,Nikola Mirotic
Nikola Vucevic,Nikola Vucevic,Nikola Vucevic,Nikola Vučević
Noah Vonleh,Noah Vonleh,Noah Vonleh,Noah Vonleh
Norman Powell,Norman Powell,Norman Powell,Norman Powell
OG Anunoby,OG Anunoby,OG Anunoby,OG Anunoby
Okaro White,Okaro White,Okaro White,Okaro White
Omari Johnson,Omari Johnson,Omari Johnson,Omari Johnson
Omer Asik,Omer Asik,Omer Asik,Omer Asik
Omri Casspi,Omri Casspi,Omri Casspi,Omri Casspi
Otto Porter Jr.,Otto Porter Jr.,Otto Porter Jr.,Otto Porter Jr.
P.J. Tucker,PJ Tucker,PJ Tucker,P.J. Tucker
Pascal Siakam,Pascal Siakam,Pascal Siakam,Pascal Siakam
Pat Connaughton,Pat Connaughton,Pat Connaughton,Pat Connaughton
Patrick Beverley,Patrick Beverley,Patrick Beverly,Patrick Beverley
Patrick McCaw,Patrick McCaw,Patrick McCaw,Patrick McCaw
Patrick Patterson,Patrick Patterson,Patrick Patterson,Patrick Patterson
Patty Mills,Patty Mills,Patty Mills,Patty Mills
Pau Gasol,Pau Gasol,Pau Gasol,Pau Gasol
Paul George,Paul George,Paul George,Paul George
Paul Millsap,Paul Millsap,Paul Millsap,Paul Millsap
Paul Zipser,Paul Zipser,Paul Zipser,Paul Zipser
PJ Dozier,,PJ Dozier,PJ Dozier
Quincy Acy,Quincy Acy,Quincy Acy,Quincy Acy
Quincy Pondexter,Quincy Pondexter,Quincy Pondexter,Quincy Pondexter
Quinn Cook,Quinn Cook,Quinn Cook,Quinn Cook
Rajon Rondo,Rajon Rondo,Rajon Rondo,Rajon Rondo
Ramon Sessions,Ramon Sessions,Ramon Sessions,Ramon Sessions
Rashad Vaughn,Rashad Vaughn,Rashad Vaughn,Rashad Vaughn
Raul Neto,Raul Neto,Raul Neto,Raul Neto
Raymond Felton,Raymond Felton,Raymond Felton,Raymond Felton
Reggie Bullock Jr.,Reggie Bullock,Reggie Bullock,Reggie Bullock Jr.
Reggie Hearn,,Reggie Hearn,Reggie Hearn
Reggie Jackson,Reggie Jackson,Reggie Jackson,Reggie Jackson
Richard Jefferson,Richard Jefferson,Richard Jefferson,Richard Jefferson
Richaun Holmes,Richaun Holmes,Richaun Holmes,Richaun Holmes
Ricky Rubio,Ricky Rubio,Ricky Rubio,Ricky Rubio
RJ Hunter,RJ Hunter,RJ Hunter,RJ Hunter
Robert Covington,Robert Covington,Robert Covington,Robert Covington
Robin Lopez,Robin Lopez,Robin Lopez,Robin Lopez
Rodney Hood,Rodney Hood,Rodney Hood,Rodney Hood
Rodney McGruder,Rodney McGruder,Rodney McGruder,Rodney McGruder
Rodney Purvis,Rodney Purvis,Rodney Purvis,Rodney Purvis
Ron Baker,Ron Baker,Ron Baker,Ron Baker
Rondae Hollis-Jefferson,Rondae Hollis-Jefferson,Rondae Hollis-Jefferson,Rondae Hollis-Jefferson
Royce O'Neale,Royce O'Neale,Royce ONeale,Royce O'Neale
Rudy Gay,Rudy Gay,Rudy Gay,Rudy Gay
Rudy Gobert,Rudy Gobert,Rudy Gobert,Rudy Gobert
Russell Westbrook,Russell Westbrook,Russell Westbrook,Russell Westbrook
Ryan Anderson,Ryan Anderson,Ryan Anderson,Ryan Anderson
Ryan Arcidiacono,Ryan Arcidiacono,Ryan Arcidiacono,Ryan Arcidiacono
Salah Mejri,Salah Mejri,Salah Mejri,Salah Mejri
Sam Dekker,Sam Dekker,Sam Dekker,Sam Dekker
Scotty Hopson,,Scotty Hopson,Scotty Hopson
Sean Kilpatrick,Sean Kilpatrick,Sean Kilpatrick,Sean Kilpatrick
Semi Ojeleye,Semi Ojeleye,Semi Ojeleye,Semi Ojeleye
Serge Ibaka,Serge Ibaka,Serge Ibaka,Serge Ibaka
Shabazz Muhammad,Shabazz Muhammad,Shabazz Muhammad,Shabazz Muhammad
Shabazz Napier,Shabazz Napier,Shabazz Napier,Shabazz Napier
Shane Larkin,Shane Larkin,Shane Larkin,Shane Larkin
Shaquille Harrison,Shaquille Harrison,Shaquille Harrison,Shaquille Harrison
Shaun Livingston,Shaun Livingston,Shaun Livingston,Shaun Livingston
Shelvin Mack,Shelvin Mack,Shelvin Mack,Shelvin Mack
Sindarius Thornwell,Sindarius Thornwell,Sindarius Thornwell,Sindarius Thornwell
Skal Labissiere,Skal Labissiere,Skal LabissiÃ¨re,Skal Labissiere
Solomon Hill,Solomon Hill,Solomon Hill,Solomon Hill
Spencer Dinwiddie,Spencer Dinwiddie,Spencer Dinwiddie,Spencer Dinwiddie
Stanley Johnson,Stanley Johnson,Stanley Johnson,Stanley Johnson
Stephen Curry,Stephen Curry,Stephen Curry,Stephen Curry
Sterling Brown,Sterling Brown,Sterling Brown,Sterling Brown
Steven Adams,Steven Adams,Steven Adams,Steven Adams
T.J. Leaf,TJ Leaf,T.J. Leaf,T.J. Leaf
T.J. McConnell,T.J. McConnell,T.J. McConnell,T.J. McConnell
T.J. Warren,T.J. Warren,TJ Warren,T.J. Warren
Taj Gibson,Taj Gibson,Taj Gibson,Taj Gibson
Tarik Black,Tarik Black,Tarik Black,Tarik Black
Taurean Prince,Taurean Prince,Taurean Prince,Taurean Prince
Terrance Ferguson,Terrance Ferguson,Terrance Ferguson,Terrance Ferguson
Terrence Ross,Terrence Ross,Terrence Ross,Terrence Ross
Terry Rozier,Terry Rozier,Terry Rozier III,Terry Rozier
Thabo Sefolosha,Thabo Sefolosha,Thabo Sefolosha,Thabo Sefolosha
Thaddeus Young,Thaddeus Young,Thaddeus Young,Thaddeus Young
Thomas Bryant,Thomas Bryant,Thomas Bryant,Thomas Bryant
Thon Maker,Thon Maker,Thon Maker,Thon Maker
Tim Frazier,Tim Frazier,Tim Frazier,Tim Frazier
Tim Hardaway Jr.,Tim Hardaway Jr.,Tim Hardaway Jr.,Tim Hardaway Jr.
Tim Quarterman,,Tim Quarterman,Tim Quarterman
Timofey Mozgov,Timofey Mozgov,Timofey Mozgov,Timofey Mozgov
Timothe Luwawu-Cabarrot,Timothe Luwawu-Cabarrot,TimothÃ© Luwawu-Cabarrot,Timothe Luwawu-Cabarrot
Tobias Harris,Tobias Harris,Tobias Harris,Tobias Harris
Tomas Satoransky,Tomas Satoransky,Tomas Satoransky,Tomas Satoransky
Tony Allen,Tony Allen,Tony Allen,Tony Allen
Tony Bradley,Tony Bradley,Tony Bradley,Tony Bradley
Tony Parker,Tony Parker,Tony Parker,Tony Parker
Tony Snell,Tony Snell,Tony Snell,Tony Snell
Torrey Craig,Torrey Craig,Torrey Craig,Torrey Craig
Travis Wear,Travis Wear,Travis Wear,Travis Wear
Treveon Graham,Treveon Graham,Treveon Graham,Treveon Graham
Trevor Ariza,Trevor Ariza,Trevor Ariza,Trevor Ariza
Trevor Booker,Trevor Booker,Trevor Booker,Trevor Booker
Trey Burke,Trey Burke,Trey Burke,Trey Burke
Trey Lyles,Trey Lyles,Trey Lyles,Trey Lyles
Trey McKinney-Jones,,,Trey McKinney-Jones
Tristan Thompson,Tristan Thompson,Tristan Thompson,Tristan Thompson
Troy Daniels,Troy Daniels,Troy Daniels,Troy Daniels
Troy Williams,Troy Williams,Troy Williams,Troy Williams
Tyler Cavanaugh,Tyler Cavanaugh,Tyler Cavanaugh,Tyler Cavanaugh
Tyler Dorsey,Tyler Dorsey,Tyler Dorsey,Tyler Dorsey
Tyler Ennis,Tyler Ennis,Tyler Ennis,Tyler Ennis
Tyler Johnson,Tyler Johnson,Tyler Johnson,Tyler Johnson
Tyler Lydon,,Tyler Lydon,Tyler Lydon
Tyler Ulis,Tyler Ulis,Tyler Ulis,Tyler Ulis
Tyler Zeller,Tyler Zeller,Tyler Zeller,Tyler Zeller
Tyreke Evans,Tyreke Evans,Tyreke Evans,Tyreke Evans
Tyrone Wallace,Tyrone Wallace,Tyrone Wallace,Tyrone Wallace
Tyson Chandler,Tyson Chandler,Tyson Chandler,Tyson Chandler
Tyus Jones,Tyus Jones,Tyus Jones,Tyus Jones
Udonis Haslem,Udonis Haslem,Udonis Haslem,Udonis Haslem
Vander Blue,Vander Blue,Vander Blue,Vander Blue
Victor Oladipo,Victor Oladipo,Victor Oladipo,Victor Oladipo
Vince Carter,Vince Carter,Vince Carter,Vince Carter
Vincent Hunter,,Vincent Hunter,Vincent Hunter
Wade Baldwin IV,Wade Baldwin IV,Wade Baldwin IV,Wade Baldwin IV
Walt Lemon Jr.,Walter Lemon Jr.,Walter Lemon Jr.,Walt Lemon Jr.
Wayne Ellington,Wayne Ellington,Wayne Ellington,Wayne Ellington
Wayne Selden,Wayne Selden,Wayne Selden,Wayne Selden
Wes Iwundu,Wes Iwundu,Wesley Iwundu,Wes Iwundu
Wesley Johnson,Wesley Johnson,Wesley Johnson,Wesley Johnson
Wesley Matthews,Wesley Matthews,Wesley Matthews,Wesley Matthews
Will Barton,Will Barton,Will Barton,Will Barton
Willie Cauley-Stein,Willie Cauley-Stein,Willie Cauley-Stein,Willie Cauley-Stein
Willie Reed,Willie Reed,Willie Reed,Willie Reed
Willy Hernangomez,Willy Hernangomez,Willy Hernangomez,Willy Hernangomez
,,Guillermo Hernangomez,Willy Hernangomez
Wilson Chandler,Wilson Chandler,Wilson Chandler,Wilson Chandler
Xavier Munford,,Xavier Munford,Xavier Munford
Xavier Silas,Xavier Rathan-Mayes,Xavier Rathan-Mayes,Xavier Rathan-Mayes
,,Xavier Silas,Xavier Silas
Yogi Ferrell,Yogi Ferrell,Yogi Ferrell,Yogi Ferrell
Zach Collins,Zach Collins,Zach Collins,Zach Collins
Zach LaVine,Zach LaVine,Zach Lavine,Zach LaVine
Zach Randolph,Zach Randolph,Zach Randolph,Zach Randolph
Zaza Pachulia,Zaza Pachulia,Zaza Pachulia,Zaza Pachulia
Zhou Qi,Zhou Qi,Zhou Qi,Zhou Qi